,LGA,year,median_rent,ptype,idx,base_map,price,yield,area
0,Inner Melbourne,2009,380.0,U,1.0,T,460000,0.043,Inner Melbourne Units
1,Inner Melbourne,2010,390.0,U,1.0989130434782608,T,505500,0.04,Inner Melbourne Units
2,Inner Melbourne,2011,410.0,U,1.1,T,506000,0.042,Inner Melbourne Units
3,Inner Melbourne,2012,421.0,U,1.0978260869565217,T,505000,0.043,Inner Melbourne Units
4,Inner Melbourne,2013,430.0,U,1.1217391304347826,T,516000,0.043,Inner Melbourne Units
5,Inner Melbourne,2014,440.0,U,1.190217391304348,T,547500,0.042,Inner Melbourne Units
6,Inner Melbourne,2015,450.0,U,1.2173913043478262,T,560000,0.042,Inner Melbourne Units
7,Inner Melbourne,2016,450.0,U,1.2782608695652173,T,588000,0.04,Inner Melbourne Units
8,Inner Melbourne,2017,475.0,U,1.2695652173913043,T,584000,0.042,Inner Melbourne Units
9,Inner Melbourne,2018,500.0,U,1.2793478260869566,T,588500,0.044,Inner Melbourne Units
10,Inner Melbourne,2019,500.0,U,1.2847826086956522,T,591000,0.044,Inner Melbourne Units
11,Metropolitan Melbourne,2009,300.0,U,1.0,T,413000,0.038,Metropolitan Melbourne Units
12,Metropolitan Melbourne,2010,320.0,U,1.1598062953995156,T,479000,0.035,Metropolitan Melbourne Units
13,Metropolitan Melbourne,2011,330.0,U,1.1331719128329298,T,468000,0.037,Metropolitan Melbourne Units
14,Metropolitan Melbourne,2012,340.0,U,1.0774818401937045,T,445000,0.04,Metropolitan Melbourne Units
15,Metropolitan Melbourne,2013,340.0,U,1.165859564164649,T,481500,0.037,Metropolitan Melbourne Units
16,Metropolitan Melbourne,2014,350.0,U,1.1864406779661016,T,490000,0.037,Metropolitan Melbourne Units
17,Metropolitan Melbourne,2015,359.0,U,1.3038740920096852,T,538500,0.035,Metropolitan Melbourne Units
18,Metropolitan Melbourne,2016,370.0,U,1.360774818401937,T,562000,0.034,Metropolitan Melbourne Units
19,Metropolitan Melbourne,2017,390.0,U,1.4552058111380146,T,601000,0.034,Metropolitan Melbourne Units
20,Metropolitan Melbourne,2018,400.0,U,1.5012106537530265,T,620000,0.034,Metropolitan Melbourne Units
21,Metropolitan Melbourne,2019,420.0,U,1.5060532687651331,T,622000,0.035,Metropolitan Melbourne Units
22,Outer Metropolitan,2009,250.0,U,1.0,T,305000,0.043,Outer Metropolitan Units
23,Outer Metropolitan,2010,270.0,U,1.137704918032787,T,347000,0.04,Outer Metropolitan Units
24,Outer Metropolitan,2011,280.0,U,1.1311475409836065,T,345000,0.042,Outer Metropolitan Units
25,Outer Metropolitan,2012,290.0,U,1.1147540983606556,T,340000,0.044,Outer Metropolitan Units
26,Outer Metropolitan,2013,295.0,U,1.1147540983606556,T,340000,0.045,Outer Metropolitan Units
27,Outer Metropolitan,2014,300.0,U,1.1655737704918032,T,355500,0.044,Outer Metropolitan Units
28,Outer Metropolitan,2015,305.0,U,1.2540983606557377,T,382500,0.041,Outer Metropolitan Units
29,Outer Metropolitan,2016,311.0,U,1.3114754098360655,T,400000,0.04,Outer Metropolitan Units
30,Outer Metropolitan,2017,330.0,U,1.4918032786885247,T,455000,0.038,Outer Metropolitan Units
31,Outer Metropolitan,2018,340.0,U,1.5573770491803278,T,475000,0.037,Outer Metropolitan Units
32,Outer Metropolitan,2019,350.0,U,1.5459016393442624,T,471500,0.039,Outer Metropolitan Units
33,Inner Melbourne,2009,545.0,H,1.0,T,795000,0.036,Inner Melbourne Houses
34,Inner Melbourne,2010,575.0,H,1.1540880503144655,T,917500,0.033,Inner Melbourne Houses
35,Inner Melbourne,2011,620.0,H,1.1069182389937107,T,880000,0.037,Inner Melbourne Houses
36,Inner Melbourne,2012,650.0,H,1.0918238993710692,T,868000,0.039,Inner Melbourne Houses
37,Inner Melbourne,2013,662.5,H,1.2081761006289309,T,960500,0.036,Inner Melbourne Houses
38,Inner Melbourne,2014,670.0,H,1.3270440251572326,T,1055000,0.033,Inner Melbourne Houses
39,Inner Melbourne,2015,695.0,H,1.4842767295597483,T,1180000,0.031,Inner Melbourne Houses
40,Inner Melbourne,2016,700.0,H,1.7106918238993711,T,1360000,0.027,Inner Melbourne Houses
41,Inner Melbourne,2017,720.0,H,1.8836477987421383,T,1497500,0.025,Inner Melbourne Houses
42,Inner Melbourne,2018,766.5,H,1.849056603773585,T,1470000,0.027,Inner Melbourne Houses
43,Inner Melbourne,2019,775.0,H,1.729559748427673,T,1375000,0.029,Inner Melbourne Houses
44,Metropolitan Melbourne,2009,370.0,H,1.0,T,590000,0.033,Metropolitan Melbourne Houses
45,Metropolitan Melbourne,2010,382.5,H,1.1508474576271186,T,679000,0.029,Metropolitan Melbourne Houses
46,Metropolitan Melbourne,2011,397.5,H,1.1161016949152542,T,658500,0.031,Metropolitan Melbourne Houses
47,Metropolitan Melbourne,2012,410.0,H,1.1033898305084746,T,651000,0.033,Metropolitan Melbourne Houses
48,Metropolitan Melbourne,2013,420.0,H,1.1864406779661016,T,700000,0.031,Metropolitan Melbourne Houses
49,Metropolitan Melbourne,2014,430.0,H,1.3245762711864406,T,781500,0.029,Metropolitan Melbourne Houses
50,Metropolitan Melbourne,2015,440.0,H,1.5008474576271187,T,885500,0.026,Metropolitan Melbourne Houses
51,Metropolitan Melbourne,2016,460.0,H,1.652542372881356,T,975000,0.025,Metropolitan Melbourne Houses
52,Metropolitan Melbourne,2017,465.0,H,1.9411016949152542,T,1145250,0.021,Metropolitan Melbourne Houses
53,Metropolitan Melbourne,2018,500.0,H,1.8411016949152543,T,1086250,0.024,Metropolitan Melbourne Houses
54,Metropolitan Melbourne,2019,510.0,H,1.7457627118644068,T,1030000,0.026,Metropolitan Melbourne Houses
55,Outer Metropolitan,2009,295.0,H,1.0,T,370000,0.041,Outer Metropolitan Houses
56,Outer Metropolitan,2010,310.0,H,1.162162162162162,T,430000,0.037,Outer Metropolitan Houses
57,Outer Metropolitan,2011,325.0,H,1.1472972972972972,T,424500,0.04,Outer Metropolitan Houses
58,Outer Metropolitan,2012,330.0,H,1.1216216216216217,T,415000,0.041,Outer Metropolitan Houses
59,Outer Metropolitan,2013,330.0,H,1.162162162162162,T,430000,0.04,Outer Metropolitan Houses
60,Outer Metropolitan,2014,340.0,H,1.2432432432432432,T,460000,0.038,Outer Metropolitan Houses
61,Outer Metropolitan,2015,350.0,H,1.364864864864865,T,505000,0.036,Outer Metropolitan Houses
62,Outer Metropolitan,2016,360.0,H,1.5135135135135136,T,560000,0.033,Outer Metropolitan Houses
63,Outer Metropolitan,2017,370.0,H,1.7702702702702702,T,655000,0.029,Outer Metropolitan Houses
64,Outer Metropolitan,2018,380.0,H,1.854054054054054,T,686000,0.029,Outer Metropolitan Houses
65,Outer Metropolitan,2019,390.0,H,1.7837837837837838,T,660000,0.031,Outer Metropolitan Houses
66,Banyule,2009,300.0,U,1.0,F,405750,0.038,Banyule Units
67,Banyule,2010,310.0,U,1.1343191620455946,F,460250,0.035,Banyule Units
68,Banyule,2011,320.0,U,1.0757855822550833,F,436500,0.038,Banyule Units
69,Banyule,2012,330.0,U,1.083795440542206,F,439750,0.039,Banyule Units
70,Banyule,2013,335.0,U,1.1139864448552064,F,452000,0.039,Banyule Units
71,Banyule,2014,340.0,U,1.191004313000616,F,483250,0.037,Banyule Units
72,Banyule,2015,350.0,U,1.3573629081947012,F,550750,0.033,Banyule Units
73,Banyule,2016,360.0,U,1.4158964879852125,F,574500,0.033,Banyule Units
74,Banyule,2017,375.0,U,1.581022797288971,F,641500,0.03,Banyule Units
75,Banyule,2018,395.0,U,1.5884165126309304,F,644500,0.032,Banyule Units
76,Banyule,2019,400.0,U,1.5730129390018484,F,638250,0.033,Banyule Units
77,Bayside,2009,347.5,U,1.0,F,468750,0.039,Bayside Units
78,Bayside,2010,357.5,U,1.1626666666666667,F,545000,0.034,Bayside Units
79,Bayside,2011,375.0,U,1.1077333333333332,F,519250,0.038,Bayside Units
80,Bayside,2012,392.5,U,1.0890666666666666,F,510500,0.04,Bayside Units
81,Bayside,2013,396.5,U,1.1776,F,552000,0.037,Bayside Units
82,Bayside,2014,397.5,U,1.2277333333333333,F,575500,0.036,Bayside Units
83,Bayside,2015,410.0,U,1.2304,F,576750,0.037,Bayside Units
84,Bayside,2016,410.0,U,1.3408,F,628500,0.034,Bayside Units
85,Bayside,2017,441.5,U,1.4069333333333334,F,659500,0.035,Bayside Units
86,Bayside,2018,449.0,U,1.3845333333333334,F,649000,0.036,Bayside Units
87,Bayside,2019,462.5,U,1.4266666666666667,F,668750,0.036,Bayside Units
88,Boroondara,2009,335.0,U,1.0,F,514500,0.034,Boroondara Units
89,Boroondara,2010,350.0,U,1.0932944606413995,F,562500,0.032,Boroondara Units
90,Boroondara,2011,360.0,U,1.1355685131195334,F,584250,0.032,Boroondara Units
91,Boroondara,2012,375.0,U,1.0689990281827018,F,550000,0.035,Boroondara Units
92,Boroondara,2013,380.0,U,1.1423712342079688,F,587750,0.034,Boroondara Units
93,Boroondara,2014,387.5,U,1.1904761904761905,F,612500,0.033,Boroondara Units
94,Boroondara,2015,390.0,U,1.3104956268221575,F,674250,0.03,Boroondara Units
95,Boroondara,2016,404.0,U,1.4149659863945578,F,728000,0.029,Boroondara Units
96,Boroondara,2017,420.0,U,1.4591836734693877,F,750750,0.029,Boroondara Units
97,Boroondara,2018,435.0,U,1.41399416909621,F,727500,0.031,Boroondara Units
98,Boroondara,2019,450.0,U,1.4207968901846453,F,731000,0.032,Boroondara Units
99,Brimbank,2009,240.0,U,1.0,F,298000,0.042,Brimbank Units
100,Brimbank,2010,250.0,U,1.0570469798657718,F,315000,0.041,Brimbank Units
101,Brimbank,2011,270.0,U,1.1090604026845639,F,330500,0.042,Brimbank Units
102,Brimbank,2012,290.0,U,1.1409395973154361,F,340000,0.044,Brimbank Units
103,Brimbank,2013,285.0,U,1.1073825503355705,F,330000,0.045,Brimbank Units
104,Brimbank,2014,290.0,U,1.1409395973154361,F,340000,0.044,Brimbank Units
105,Brimbank,2015,300.0,U,1.2164429530201342,F,362500,0.043,Brimbank Units
106,Brimbank,2016,300.0,U,1.3003355704697988,F,387500,0.04,Brimbank Units
107,Brimbank,2017,330.0,U,1.4731543624161074,F,439000,0.039,Brimbank Units
108,Brimbank,2018,330.0,U,1.5016778523489933,F,447500,0.038,Brimbank Units
109,Brimbank,2019,343.0,U,1.5604026845637584,F,465000,0.038,Brimbank Units
110,Cardinia,2009,210.0,U,1.0,F,256500,0.043,Cardinia Units
111,Cardinia,2010,230.0,U,1.0838206627680311,F,278000,0.043,Cardinia Units
112,Cardinia,2011,245.0,U,1.1773879142300194,F,302000,0.042,Cardinia Units
113,Cardinia,2012,250.0,U,1.0263157894736843,F,263250,0.049,Cardinia Units
114,Cardinia,2013,260.0,U,1.1325536062378168,F,290500,0.047,Cardinia Units
115,Cardinia,2014,270.0,U,1.3508771929824561,F,346500,0.041,Cardinia Units
116,Cardinia,2015,280.0,U,1.2475633528265107,F,320000,0.046,Cardinia Units
117,Cardinia,2016,285.0,U,1.4541910331384016,F,373000,0.04,Cardinia Units
118,Cardinia,2017,300.0,U,1.5789473684210527,F,405000,0.039,Cardinia Units
119,Cardinia,2018,303.0,U,1.732943469785575,F,444500,0.035,Cardinia Units
120,Cardinia,2019,310.0,U,1.6715399610136452,F,428750,0.038,Cardinia Units
121,Casey,2009,230.0,U,1.0,F,275000,0.043,Casey Units
122,Casey,2010,255.0,U,1.1418181818181818,F,314000,0.042,Casey Units
123,Casey,2011,257.5,U,1.1218181818181818,F,308500,0.043,Casey Units
124,Casey,2012,275.0,U,1.0836363636363637,F,298000,0.048,Casey Units
125,Casey,2013,280.0,U,1.1372727272727272,F,312750,0.047,Casey Units
126,Casey,2014,285.0,U,1.2254545454545454,F,337000,0.044,Casey Units
127,Casey,2015,300.0,U,1.2172727272727273,F,334750,0.047,Casey Units
128,Casey,2016,300.0,U,1.3472727272727272,F,370500,0.042,Casey Units
129,Casey,2017,310.0,U,1.5,F,412500,0.039,Casey Units
130,Casey,2018,320.0,U,1.6272727272727272,F,447500,0.037,Casey Units
131,Casey,2019,330.0,U,1.5636363636363637,F,430000,0.04,Casey Units
132,Darebin,2009,300.0,U,1.0,F,390000,0.04,Darebin Units
133,Darebin,2010,315.0,U,1.0833333333333333,F,422500,0.039,Darebin Units
134,Darebin,2011,330.0,U,1.0961538461538463,F,427500,0.04,Darebin Units
135,Darebin,2012,335.0,U,1.064102564102564,F,415000,0.042,Darebin Units
136,Darebin,2013,340.0,U,1.1128205128205129,F,434000,0.041,Darebin Units
137,Darebin,2014,345.0,U,1.1782051282051282,F,459500,0.039,Darebin Units
138,Darebin,2015,350.0,U,1.2820512820512822,F,500000,0.036,Darebin Units
139,Darebin,2016,360.0,U,1.3307692307692307,F,519000,0.036,Darebin Units
140,Darebin,2017,380.0,U,1.4102564102564104,F,550000,0.036,Darebin Units
141,Darebin,2018,400.0,U,1.441025641025641,F,562000,0.037,Darebin Units
142,Darebin,2019,405.0,U,1.4666666666666666,F,572000,0.037,Darebin Units
143,Frankston,2009,230.0,U,1.0,F,271000,0.044,Frankston Units
144,Frankston,2010,250.0,U,1.1070110701107012,F,300000,0.043,Frankston Units
145,Frankston,2011,260.0,U,1.1439114391143912,F,310000,0.044,Frankston Units
146,Frankston,2012,270.0,U,1.1107011070110702,F,301000,0.047,Frankston Units
147,Frankston,2013,270.0,U,1.1734317343173433,F,318000,0.044,Frankston Units
148,Frankston,2014,280.0,U,1.2140221402214022,F,329000,0.044,Frankston Units
149,Frankston,2015,285.0,U,1.1845018450184501,F,321000,0.046,Frankston Units
150,Frankston,2016,295.0,U,1.3837638376383763,F,375000,0.041,Frankston Units
151,Frankston,2017,300.0,U,1.5,F,406500,0.038,Frankston Units
152,Frankston,2018,320.0,U,1.6974169741697418,F,460000,0.036,Frankston Units
153,Frankston,2019,325.0,U,1.5904059040590406,F,431000,0.039,Frankston Units
154,Glen Eira,2009,335.0,U,1.0,F,450000,0.039,Glen Eira Units
155,Glen Eira,2010,350.0,U,1.1466666666666667,F,516000,0.035,Glen Eira Units
156,Glen Eira,2011,370.0,U,1.1555555555555554,F,520000,0.037,Glen Eira Units
157,Glen Eira,2012,385.0,U,1.1111111111111112,F,500000,0.04,Glen Eira Units
158,Glen Eira,2013,380.0,U,1.1377777777777778,F,512000,0.039,Glen Eira Units
159,Glen Eira,2014,390.0,U,1.1888888888888889,F,535000,0.038,Glen Eira Units
160,Glen Eira,2015,395.0,U,1.2666666666666666,F,570000,0.036,Glen Eira Units
161,Glen Eira,2016,400.0,U,1.3255555555555556,F,596500,0.035,Glen Eira Units
162,Glen Eira,2017,430.0,U,1.4444444444444444,F,650000,0.034,Glen Eira Units
163,Glen Eira,2018,445.0,U,1.4066666666666667,F,633000,0.037,Glen Eira Units
164,Glen Eira,2019,460.0,U,1.4255555555555555,F,641500,0.037,Glen Eira Units
165,Greater Dandenong,2009,244.0,U,1.0,F,330000,0.038,Greater Dandenong Units
166,Greater Dandenong,2010,260.0,U,1.1136363636363635,F,367500,0.037,Greater Dandenong Units
167,Greater Dandenong,2011,280.0,U,1.0454545454545454,F,345000,0.042,Greater Dandenong Units
168,Greater Dandenong,2012,302.5,U,1.0606060606060606,F,350000,0.045,Greater Dandenong Units
169,Greater Dandenong,2013,310.0,U,1.103030303030303,F,364000,0.044,Greater Dandenong Units
170,Greater Dandenong,2014,312.5,U,1.1181818181818182,F,369000,0.044,Greater Dandenong Units
171,Greater Dandenong,2015,325.0,U,1.2287878787878788,F,405500,0.042,Greater Dandenong Units
172,Greater Dandenong,2016,340.0,U,1.2757575757575759,F,421000,0.042,Greater Dandenong Units
173,Greater Dandenong,2017,350.0,U,1.4166666666666667,F,467500,0.039,Greater Dandenong Units
174,Greater Dandenong,2018,360.0,U,1.5606060606060606,F,515000,0.036,Greater Dandenong Units
175,Greater Dandenong,2019,365.0,U,1.5393939393939393,F,508000,0.037,Greater Dandenong Units
176,Hobsons Bay,2009,260.0,U,1.0,F,369000,0.037,Hobsons Bay Units
177,Hobsons Bay,2010,272.5,U,1.1382113821138211,F,420000,0.034,Hobsons Bay Units
178,Hobsons Bay,2011,290.0,U,1.170731707317073,F,432000,0.035,Hobsons Bay Units
179,Hobsons Bay,2012,300.0,U,1.1178861788617886,F,412500,0.038,Hobsons Bay Units
180,Hobsons Bay,2013,310.0,U,1.2493224932249323,F,461000,0.035,Hobsons Bay Units
181,Hobsons Bay,2014,320.0,U,1.2601626016260163,F,465000,0.036,Hobsons Bay Units
182,Hobsons Bay,2015,331.5,U,1.3075880758807588,F,482500,0.036,Hobsons Bay Units
183,Hobsons Bay,2016,333.0,U,1.4417344173441735,F,532000,0.033,Hobsons Bay Units
184,Hobsons Bay,2017,350.0,U,1.4905149051490514,F,550000,0.033,Hobsons Bay Units
185,Hobsons Bay,2018,350.0,U,1.6260162601626016,F,600000,0.03,Hobsons Bay Units
186,Hobsons Bay,2019,378.0,U,1.6260162601626016,F,600000,0.033,Hobsons Bay Units
187,Hume,2009,250.0,U,1.0,F,288000,0.045,Hume Units
188,Hume,2010,270.0,U,1.1666666666666667,F,336000,0.042,Hume Units
189,Hume,2011,276.5,U,1.1319444444444444,F,326000,0.044,Hume Units
190,Hume,2012,290.0,U,1.0868055555555556,F,313000,0.048,Hume Units
191,Hume,2013,287.5,U,1.078125,F,310500,0.048,Hume Units
192,Hume,2014,300.0,U,1.1458333333333333,F,330000,0.047,Hume Units
193,Hume,2015,300.0,U,1.1901041666666667,F,342750,0.046,Hume Units
194,Hume,2016,305.5,U,1.2769097222222223,F,367750,0.043,Hume Units
195,Hume,2017,328.5,U,1.4730902777777777,F,424250,0.04,Hume Units
196,Hume,2018,335.0,U,1.4930555555555556,F,430000,0.041,Hume Units
197,Hume,2019,346.5,U,1.5121527777777777,F,435500,0.041,Hume Units
198,Kingston,2009,260.0,U,1.0,F,390000,0.035,Kingston Units
199,Kingston,2010,285.0,U,1.1282051282051282,F,440000,0.034,Kingston Units
200,Kingston,2011,300.0,U,1.0961538461538463,F,427500,0.036,Kingston Units
201,Kingston,2012,315.0,U,1.0576923076923077,F,412500,0.04,Kingston Units
202,Kingston,2013,320.0,U,1.1346153846153846,F,442500,0.038,Kingston Units
203,Kingston,2014,325.0,U,1.1794871794871795,F,460000,0.037,Kingston Units
204,Kingston,2015,340.0,U,1.3025641025641026,F,508000,0.035,Kingston Units
205,Kingston,2016,350.0,U,1.3974358974358974,F,545000,0.033,Kingston Units
206,Kingston,2017,360.0,U,1.535897435897436,F,599000,0.031,Kingston Units
207,Kingston,2018,375.0,U,1.5384615384615385,F,600000,0.032,Kingston Units
208,Kingston,2019,380.0,U,1.5525641025641026,F,605500,0.033,Kingston Units
209,Knox,2009,260.0,U,1.0,F,357750,0.038,Knox Units
210,Knox,2010,272.5,U,1.0936408106219426,F,391250,0.036,Knox Units
211,Knox,2011,295.0,U,1.0831586303284417,F,387500,0.04,Knox Units
212,Knox,2012,300.0,U,1.0831586303284417,F,387500,0.04,Knox Units
213,Knox,2013,310.0,U,1.1222921034241788,F,401500,0.04,Knox Units
214,Knox,2014,320.0,U,1.2578616352201257,F,450000,0.037,Knox Units
215,Knox,2015,325.0,U,1.4290705800139762,F,511250,0.033,Knox Units
216,Knox,2016,335.0,U,1.4703004891684137,F,526000,0.033,Knox Units
217,Knox,2017,350.0,U,1.6380153738644305,F,586000,0.031,Knox Units
218,Knox,2018,355.0,U,1.726764500349406,F,617750,0.03,Knox Units
219,Knox,2019,370.0,U,1.6198462613556954,F,579500,0.033,Knox Units
220,Manningham,2009,300.0,U,1.0,F,440000,0.035,Manningham Units
221,Manningham,2010,311.5,U,1.1261363636363637,F,495500,0.033,Manningham Units
222,Manningham,2011,322.5,U,1.1204545454545454,F,493000,0.034,Manningham Units
223,Manningham,2012,340.0,U,1.0886363636363636,F,479000,0.037,Manningham Units
224,Manningham,2013,335.0,U,1.2295454545454545,F,541000,0.032,Manningham Units
225,Manningham,2014,347.5,U,1.2477272727272728,F,549000,0.033,Manningham Units
226,Manningham,2015,357.5,U,1.3636363636363635,F,600000,0.031,Manningham Units
227,Manningham,2016,370.0,U,1.4681818181818183,F,646000,0.03,Manningham Units
228,Manningham,2017,382.5,U,1.5397727272727273,F,677500,0.029,Manningham Units
229,Manningham,2018,395.0,U,1.5340909090909092,F,675000,0.03,Manningham Units
230,Manningham,2019,405.0,U,1.5284090909090908,F,672500,0.031,Manningham Units
231,Maribyrnong,2009,280.0,U,1.0,F,385000,0.038,Maribyrnong Units
232,Maribyrnong,2010,300.0,U,1.1,F,423500,0.037,Maribyrnong Units
233,Maribyrnong,2011,310.0,U,1.1194805194805195,F,431000,0.037,Maribyrnong Units
234,Maribyrnong,2012,320.0,U,1.0883116883116883,F,419000,0.04,Maribyrnong Units
235,Maribyrnong,2013,330.0,U,1.1272727272727272,F,434000,0.04,Maribyrnong Units
236,Maribyrnong,2014,333.0,U,1.1305194805194805,F,435250,0.04,Maribyrnong Units
237,Maribyrnong,2015,343.0,U,1.175974025974026,F,452750,0.039,Maribyrnong Units
238,Maribyrnong,2016,350.0,U,1.2727272727272727,F,490000,0.037,Maribyrnong Units
239,Maribyrnong,2017,370.0,U,1.316883116883117,F,507000,0.038,Maribyrnong Units
240,Maribyrnong,2018,380.0,U,1.3402597402597403,F,516000,0.038,Maribyrnong Units
241,Maribyrnong,2019,395.0,U,1.3487012987012987,F,519250,0.04,Maribyrnong Units
242,Maroondah,2009,262.5,U,1.0,F,350000,0.039,Maroondah Units
243,Maroondah,2010,282.5,U,1.1285714285714286,F,395000,0.037,Maroondah Units
244,Maroondah,2011,297.5,U,1.1,F,385000,0.04,Maroondah Units
245,Maroondah,2012,307.5,U,1.1,F,385000,0.042,Maroondah Units
246,Maroondah,2013,320.0,U,1.16,F,406000,0.041,Maroondah Units
247,Maroondah,2014,330.0,U,1.2857142857142858,F,450000,0.038,Maroondah Units
248,Maroondah,2015,337.5,U,1.3857142857142857,F,485000,0.036,Maroondah Units
249,Maroondah,2016,342.5,U,1.4985714285714287,F,524500,0.034,Maroondah Units
250,Maroondah,2017,355.0,U,1.7042857142857142,F,596500,0.031,Maroondah Units
251,Maroondah,2018,362.5,U,1.78,F,623000,0.03,Maroondah Units
252,Maroondah,2019,380.0,U,1.7428571428571429,F,610000,0.032,Maroondah Units
253,Melbourne,2009,400.0,U,1.0,F,441000,0.047,Melbourne Units
254,Melbourne,2010,390.0,U,1.129251700680272,F,498000,0.041,Melbourne Units
255,Melbourne,2011,415.0,U,1.1337868480725624,F,500000,0.043,Melbourne Units
256,Melbourne,2012,440.0,U,1.1065759637188208,F,488000,0.047,Melbourne Units
257,Melbourne,2013,440.0,U,1.1281179138321995,F,497500,0.046,Melbourne Units
258,Melbourne,2014,450.0,U,1.199546485260771,F,529000,0.044,Melbourne Units
259,Melbourne,2015,450.0,U,1.2346938775510203,F,544500,0.043,Melbourne Units
260,Melbourne,2016,465.0,U,1.2528344671201814,F,552500,0.044,Melbourne Units
261,Melbourne,2017,485.0,U,1.2925170068027212,F,570000,0.044,Melbourne Units
262,Melbourne,2018,505.0,U,1.3038548752834467,F,575000,0.046,Melbourne Units
263,Melbourne,2019,520.0,U,1.3378684807256236,F,590000,0.046,Melbourne Units
264,Melton,2009,210.0,U,1.0,F,262500,0.042,Melton Units
265,Melton,2010,230.0,U,1.139047619047619,F,299000,0.04,Melton Units
266,Melton,2011,250.0,U,1.180952380952381,F,310000,0.042,Melton Units
267,Melton,2012,250.0,U,1.14,F,299250,0.043,Melton Units
268,Melton,2013,260.0,U,1.1333333333333333,F,297500,0.045,Melton Units
269,Melton,2014,260.0,U,1.1333333333333333,F,297500,0.045,Melton Units
270,Melton,2015,270.0,U,1.2095238095238094,F,317500,0.044,Melton Units
271,Melton,2016,275.0,U,1.3,F,341250,0.042,Melton Units
272,Melton,2017,290.0,U,1.4333333333333333,F,376250,0.04,Melton Units
273,Melton,2018,308.0,U,1.5904761904761904,F,417500,0.038,Melton Units
274,Melton,2019,320.0,U,1.582857142857143,F,415500,0.04,Melton Units
275,Monash,2009,300.0,U,1.0,F,400000,0.039,Monash Units
276,Monash,2010,320.0,U,1.2075,F,483000,0.034,Monash Units
277,Monash,2011,340.0,U,1.1625,F,465000,0.038,Monash Units
278,Monash,2012,340.0,U,1.1125,F,445000,0.04,Monash Units
279,Monash,2013,350.0,U,1.24,F,496000,0.037,Monash Units
280,Monash,2014,350.0,U,1.2625,F,505000,0.036,Monash Units
281,Monash,2015,365.0,U,1.39375,F,557500,0.034,Monash Units
282,Monash,2016,370.0,U,1.4375,F,575000,0.033,Monash Units
283,Monash,2017,395.0,U,1.5375,F,615000,0.033,Monash Units
284,Monash,2018,400.0,U,1.57125,F,628500,0.033,Monash Units
285,Monash,2019,420.0,U,1.5875,F,635000,0.034,Monash Units
286,Moonee Valley,2009,285.0,U,1.0,F,382000,0.039,Moonee Valley Units
287,Moonee Valley,2010,300.0,U,1.1138743455497382,F,425500,0.037,Moonee Valley Units
288,Moonee Valley,2011,320.0,U,1.12565445026178,F,430000,0.039,Moonee Valley Units
289,Moonee Valley,2012,327.5,U,1.112565445026178,F,425000,0.04,Moonee Valley Units
290,Moonee Valley,2013,335.0,U,1.1230366492146597,F,429000,0.041,Moonee Valley Units
291,Moonee Valley,2014,341.5,U,1.143979057591623,F,437000,0.041,Moonee Valley Units
292,Moonee Valley,2015,345.0,U,1.2015706806282722,F,459000,0.039,Moonee Valley Units
293,Moonee Valley,2016,355.0,U,1.256544502617801,F,480000,0.038,Moonee Valley Units
294,Moonee Valley,2017,375.0,U,1.3455497382198953,F,514000,0.038,Moonee Valley Units
295,Moonee Valley,2018,390.0,U,1.361256544502618,F,520000,0.039,Moonee Valley Units
296,Moonee Valley,2019,402.5,U,1.350785340314136,F,516000,0.041,Moonee Valley Units
297,Moreland,2009,295.0,U,1.0,F,399000,0.038,Moreland Units
298,Moreland,2010,301.0,U,1.0902255639097744,F,435000,0.036,Moreland Units
299,Moreland,2011,320.0,U,1.0989974937343359,F,438500,0.038,Moreland Units
300,Moreland,2012,330.0,U,1.0789473684210527,F,430500,0.04,Moreland Units
301,Moreland,2013,340.0,U,1.1152882205513786,F,445000,0.04,Moreland Units
302,Moreland,2014,340.0,U,1.1516290726817042,F,459500,0.038,Moreland Units
303,Moreland,2015,350.0,U,1.1979949874686717,F,478000,0.038,Moreland Units
304,Moreland,2016,360.0,U,1.255639097744361,F,501000,0.037,Moreland Units
305,Moreland,2017,375.0,U,1.3295739348370927,F,530500,0.037,Moreland Units
306,Moreland,2018,400.0,U,1.3032581453634084,F,520000,0.04,Moreland Units
307,Moreland,2019,400.0,U,1.305764411027569,F,521000,0.04,Moreland Units
308,Mornington Peninsula,2009,222.5,U,1.0,F,290000,0.04,Mornington Peninsula Units
309,Mornington Peninsula,2010,240.0,U,1.203448275862069,F,349000,0.036,Mornington Peninsula Units
310,Mornington Peninsula,2011,255.0,U,1.1655172413793105,F,338000,0.039,Mornington Peninsula Units
311,Mornington Peninsula,2012,260.0,U,1.293103448275862,F,375000,0.036,Mornington Peninsula Units
312,Mornington Peninsula,2013,260.0,U,1.1982758620689655,F,347500,0.039,Mornington Peninsula Units
313,Mornington Peninsula,2014,270.0,U,1.4655172413793103,F,425000,0.033,Mornington Peninsula Units
314,Mornington Peninsula,2015,270.0,U,1.3103448275862069,F,380000,0.037,Mornington Peninsula Units
315,Mornington Peninsula,2016,280.0,U,1.4896551724137932,F,432000,0.034,Mornington Peninsula Units
316,Mornington Peninsula,2017,297.5,U,1.7241379310344827,F,500000,0.031,Mornington Peninsula Units
317,Mornington Peninsula,2018,317.5,U,1.8448275862068966,F,535000,0.031,Mornington Peninsula Units
318,Mornington Peninsula,2019,325.0,U,1.8620689655172413,F,540000,0.031,Mornington Peninsula Units
319,Nillumbik,2009,280.5,U,1.0,F,365000,0.04,Nillumbik Units
320,Nillumbik,2010,295.0,U,1.158904109589041,F,423000,0.036,Nillumbik Units
321,Nillumbik,2011,310.0,U,1.13013698630137,F,412500,0.039,Nillumbik Units
322,Nillumbik,2012,315.0,U,1.0684931506849316,F,390000,0.042,Nillumbik Units
323,Nillumbik,2013,316.5,U,1.178082191780822,F,430000,0.038,Nillumbik Units
324,Nillumbik,2014,320.5,U,1.2219178082191782,F,446000,0.037,Nillumbik Units
325,Nillumbik,2015,332.5,U,1.3438356164383563,F,490500,0.035,Nillumbik Units
326,Nillumbik,2016,340.0,U,1.417808219178082,F,517500,0.034,Nillumbik Units
327,Nillumbik,2017,347.5,U,1.5616438356164384,F,570000,0.032,Nillumbik Units
328,Nillumbik,2018,365.0,U,1.4383561643835616,F,525000,0.036,Nillumbik Units
329,Nillumbik,2019,375.0,U,1.5,F,547500,0.036,Nillumbik Units
330,Port Phillip,2009,395.0,U,1.0,F,468750,0.044,Port Phillip Units
331,Port Phillip,2010,400.0,U,1.1264,F,528000,0.039,Port Phillip Units
332,Port Phillip,2011,420.0,U,1.0784,F,505500,0.043,Port Phillip Units
333,Port Phillip,2012,450.0,U,1.1093333333333333,F,520000,0.045,Port Phillip Units
334,Port Phillip,2013,450.0,U,1.136,F,532500,0.044,Port Phillip Units
335,Port Phillip,2014,450.0,U,1.1722666666666666,F,549500,0.043,Port Phillip Units
336,Port Phillip,2015,450.0,U,1.2149333333333334,F,569500,0.041,Port Phillip Units
337,Port Phillip,2016,470.0,U,1.2693333333333334,F,595000,0.041,Port Phillip Units
338,Port Phillip,2017,490.0,U,1.28,F,600000,0.042,Port Phillip Units
339,Port Phillip,2018,505.0,U,1.2464,F,584250,0.045,Port Phillip Units
340,Port Phillip,2019,500.0,U,1.264,F,592500,0.044,Port Phillip Units
341,Stonnington,2009,350.0,U,1.0,F,437500,0.042,Stonnington Units
342,Stonnington,2010,365.0,U,1.136,F,497000,0.038,Stonnington Units
343,Stonnington,2011,380.0,U,1.16,F,507500,0.039,Stonnington Units
344,Stonnington,2012,390.0,U,1.1754285714285715,F,514250,0.039,Stonnington Units
345,Stonnington,2013,392.5,U,1.1737142857142857,F,513500,0.04,Stonnington Units
346,Stonnington,2014,395.5,U,1.2274285714285715,F,537000,0.038,Stonnington Units
347,Stonnington,2015,405.0,U,1.2971428571428572,F,567500,0.037,Stonnington Units
348,Stonnington,2016,415.0,U,1.3428571428571427,F,587500,0.037,Stonnington Units
349,Stonnington,2017,430.0,U,1.3537142857142856,F,592250,0.038,Stonnington Units
350,Stonnington,2018,455.0,U,1.3662857142857143,F,597750,0.04,Stonnington Units
351,Stonnington,2019,480.0,U,1.3868571428571428,F,606750,0.041,Stonnington Units
352,Whitehorse,2009,300.0,U,1.0,F,467000,0.033,Whitehorse Units
353,Whitehorse,2010,320.0,U,1.1370449678800856,F,531000,0.031,Whitehorse Units
354,Whitehorse,2011,335.0,U,1.094218415417559,F,511000,0.034,Whitehorse Units
355,Whitehorse,2012,350.0,U,1.0813704496788008,F,505000,0.036,Whitehorse Units
356,Whitehorse,2013,351.5,U,1.220556745182013,F,570000,0.032,Whitehorse Units
357,Whitehorse,2014,360.0,U,1.2740899357601714,F,595000,0.031,Whitehorse Units
358,Whitehorse,2015,370.0,U,1.3940042826552463,F,651000,0.03,Whitehorse Units
359,Whitehorse,2016,385.0,U,1.4775160599571735,F,690000,0.029,Whitehorse Units
360,Whitehorse,2017,397.5,U,1.5877944325481799,F,741500,0.028,Whitehorse Units
361,Whitehorse,2018,405.0,U,1.5,F,700500,0.03,Whitehorse Units
362,Whitehorse,2019,430.0,U,1.5845824411134903,F,740000,0.03,Whitehorse Units
363,Whittlesea,2009,255.0,U,1.0,F,311000,0.043,Whittlesea Units
364,Whittlesea,2010,271.5,U,1.065112540192926,F,331250,0.043,Whittlesea Units
365,Whittlesea,2011,287.5,U,1.144694533762058,F,356000,0.042,Whittlesea Units
366,Whittlesea,2012,290.0,U,0.9959807073954984,F,309750,0.049,Whittlesea Units
367,Whittlesea,2013,290.0,U,1.0369774919614148,F,322500,0.047,Whittlesea Units
368,Whittlesea,2014,300.0,U,1.0811897106109325,F,336250,0.046,Whittlesea Units
369,Whittlesea,2015,300.0,U,1.1237942122186495,F,349500,0.045,Whittlesea Units
370,Whittlesea,2016,305.5,U,1.2130225080385852,F,377250,0.042,Whittlesea Units
371,Whittlesea,2017,323.5,U,1.3713826366559485,F,426500,0.039,Whittlesea Units
372,Whittlesea,2018,332.5,U,1.4163987138263665,F,440500,0.039,Whittlesea Units
373,Whittlesea,2019,345.0,U,1.3665594855305465,F,425000,0.042,Whittlesea Units
374,Wyndham,2009,230.0,U,1.0,F,274750,0.044,Wyndham Units
375,Wyndham,2010,240.0,U,1.1191992720655142,F,307500,0.041,Wyndham Units
376,Wyndham,2011,257.5,U,1.2074613284804367,F,331750,0.04,Wyndham Units
377,Wyndham,2012,260.0,U,1.1310282074613285,F,310750,0.044,Wyndham Units
378,Wyndham,2013,267.5,U,1.175614194722475,F,323000,0.043,Wyndham Units
379,Wyndham,2014,273.0,U,1.1828935395814377,F,325000,0.044,Wyndham Units
380,Wyndham,2015,282.5,U,1.2966333030027297,F,356250,0.041,Wyndham Units
381,Wyndham,2016,295.0,U,1.392174704276615,F,382500,0.04,Wyndham Units
382,Wyndham,2017,309.5,U,1.5532302092811647,F,426750,0.038,Wyndham Units
383,Wyndham,2018,320.0,U,1.5941765241128298,F,438000,0.038,Wyndham Units
384,Wyndham,2019,330.0,U,1.6742493175614195,F,460000,0.037,Wyndham Units
385,Yarra,2009,360.0,U,1.0,F,467500,0.04,Yarra Units
386,Yarra,2010,377.5,U,1.1304812834224598,F,528500,0.037,Yarra Units
387,Yarra,2011,399.0,U,1.1058823529411765,F,517000,0.04,Yarra Units
388,Yarra,2012,430.0,U,1.1112299465240643,F,519500,0.043,Yarra Units
389,Yarra,2013,440.0,U,1.1770053475935829,F,550250,0.042,Yarra Units
390,Yarra,2014,445.0,U,1.206951871657754,F,564250,0.041,Yarra Units
391,Yarra,2015,450.0,U,1.2342245989304812,F,577000,0.041,Yarra Units
392,Yarra,2016,462.5,U,1.2695187165775401,F,593500,0.041,Yarra Units
393,Yarra,2017,475.0,U,1.2834224598930482,F,600000,0.041,Yarra Units
394,Yarra,2018,490.0,U,1.3229946524064171,F,618500,0.041,Yarra Units
395,Yarra,2019,510.0,U,1.2652406417112299,F,591500,0.045,Yarra Units
396,Yarra Ranges,2009,250.0,U,1.0,F,326000,0.04,Yarra Ranges Units
397,Yarra Ranges,2010,270.0,U,1.138036809815951,F,371000,0.038,Yarra Ranges Units
398,Yarra Ranges,2011,287.5,U,1.1349693251533743,F,370000,0.04,Yarra Ranges Units
399,Yarra Ranges,2012,292.5,U,1.1042944785276074,F,360000,0.042,Yarra Ranges Units
400,Yarra Ranges,2013,300.0,U,1.1349693251533743,F,370000,0.042,Yarra Ranges Units
401,Yarra Ranges,2014,305.0,U,1.2269938650306749,F,400000,0.04,Yarra Ranges Units
402,Yarra Ranges,2015,320.0,U,1.3190184049079754,F,430000,0.039,Yarra Ranges Units
403,Yarra Ranges,2016,330.0,U,1.4616564417177915,F,476500,0.036,Yarra Ranges Units
404,Yarra Ranges,2017,340.0,U,1.7177914110429449,F,560000,0.032,Yarra Ranges Units
405,Yarra Ranges,2018,350.0,U,1.7453987730061349,F,569000,0.032,Yarra Ranges Units
406,Yarra Ranges,2019,360.0,U,1.7423312883435582,F,568000,0.033,Yarra Ranges Units
407,Banyule,2009,365.0,H,1.0,F,522000,0.036,Banyule Houses
408,Banyule,2010,369.0,H,1.1896551724137931,F,621000,0.031,Banyule Houses
409,Banyule,2011,380.0,H,1.1580459770114941,F,604500,0.033,Banyule Houses
410,Banyule,2012,392.5,H,1.128352490421456,F,589000,0.035,Banyule Houses
411,Banyule,2013,400.0,H,1.2097701149425288,F,631500,0.033,Banyule Houses
412,Banyule,2014,396.5,H,1.3122605363984674,F,685000,0.03,Banyule Houses
413,Banyule,2015,425.0,H,1.4521072796934866,F,758000,0.029,Banyule Houses
414,Banyule,2016,430.0,H,1.6628352490421456,F,868000,0.026,Banyule Houses
415,Banyule,2017,445.0,H,1.8199233716475096,F,950000,0.024,Banyule Houses
416,Banyule,2018,470.0,H,1.7873563218390804,F,933000,0.026,Banyule Houses
417,Banyule,2019,465.0,H,1.7720306513409962,F,925000,0.026,Banyule Houses
418,Bayside,2009,510.0,H,1.0,F,850000,0.031,Bayside Houses
419,Bayside,2010,555.0,H,1.1852941176470588,F,1007500,0.029,Bayside Houses
420,Bayside,2011,580.5,H,1.0941176470588236,F,930000,0.032,Bayside Houses
421,Bayside,2012,621.5,H,1.1105882352941177,F,944000,0.034,Bayside Houses
422,Bayside,2013,609.0,H,1.2352941176470589,F,1050000,0.03,Bayside Houses
423,Bayside,2014,622.5,H,1.3970588235294117,F,1187500,0.027,Bayside Houses
424,Bayside,2015,632.5,H,1.5858823529411765,F,1348000,0.024,Bayside Houses
425,Bayside,2016,645.0,H,1.8235294117647058,F,1550000,0.022,Bayside Houses
426,Bayside,2017,682.5,H,1.988235294117647,F,1690000,0.021,Bayside Houses
427,Bayside,2018,692.5,H,1.8823529411764706,F,1600000,0.023,Bayside Houses
428,Bayside,2019,712.5,H,1.7941176470588236,F,1525000,0.024,Bayside Houses
429,Boroondara,2009,463.0,H,1.0,F,932000,0.026,Boroondara Houses
430,Boroondara,2010,495.0,H,1.1641630901287554,F,1085000,0.024,Boroondara Houses
431,Boroondara,2011,525.0,H,1.1330472103004292,F,1056000,0.026,Boroondara Houses
432,Boroondara,2012,529.0,H,1.0729613733905579,F,1000000,0.028,Boroondara Houses
433,Boroondara,2013,538.0,H,1.2875536480686696,F,1200000,0.023,Boroondara Houses
434,Boroondara,2014,580.0,H,1.409871244635193,F,1314000,0.023,Boroondara Houses
435,Boroondara,2015,575.0,H,1.6550429184549356,F,1542500,0.019,Boroondara Houses
436,Boroondara,2016,600.0,H,1.7757510729613735,F,1655000,0.019,Boroondara Houses
437,Boroondara,2017,630.0,H,1.9726394849785407,F,1838500,0.018,Boroondara Houses
438,Boroondara,2018,636.5,H,1.9313304721030042,F,1800000,0.018,Boroondara Houses
439,Boroondara,2019,650.0,H,1.8025751072961373,F,1680000,0.02,Boroondara Houses
440,Brimbank,2009,290.0,H,1.0,F,368500,0.041,Brimbank Houses
441,Brimbank,2010,300.0,H,1.1506105834464044,F,424000,0.037,Brimbank Houses
442,Brimbank,2011,320.0,H,1.1397557666214382,F,420000,0.04,Brimbank Houses
443,Brimbank,2012,330.0,H,1.0854816824966078,F,400000,0.043,Brimbank Houses
444,Brimbank,2013,320.0,H,1.141112618724559,F,420500,0.04,Brimbank Houses
445,Brimbank,2014,330.0,H,1.1763907734056989,F,433500,0.04,Brimbank Houses
446,Brimbank,2015,340.0,H,1.2924016282225237,F,476250,0.037,Brimbank Houses
447,Brimbank,2016,350.0,H,1.4382632293080053,F,530000,0.034,Brimbank Houses
448,Brimbank,2017,360.0,H,1.742876526458616,F,642250,0.029,Brimbank Houses
449,Brimbank,2018,380.0,H,1.762550881953867,F,649500,0.03,Brimbank Houses
450,Brimbank,2019,390.0,H,1.7164179104477613,F,632500,0.032,Brimbank Houses
451,Cardinia,2009,270.0,H,1.0,F,329000,0.043,Cardinia Houses
452,Cardinia,2010,285.0,H,1.1193009118541033,F,368250,0.04,Cardinia Houses
453,Cardinia,2011,300.0,H,1.155015197568389,F,380000,0.041,Cardinia Houses
454,Cardinia,2012,310.0,H,1.155015197568389,F,380000,0.042,Cardinia Houses
455,Cardinia,2013,320.0,H,1.2310030395136777,F,405000,0.041,Cardinia Houses
456,Cardinia,2014,320.0,H,1.21580547112462,F,400000,0.042,Cardinia Houses
457,Cardinia,2015,340.0,H,1.3069908814589666,F,430000,0.041,Cardinia Houses
458,Cardinia,2016,350.0,H,1.458966565349544,F,480000,0.038,Cardinia Houses
459,Cardinia,2017,355.0,H,1.6899696048632218,F,556000,0.033,Cardinia Houses
460,Cardinia,2018,360.0,H,1.8237082066869301,F,600000,0.031,Cardinia Houses
461,Cardinia,2019,370.0,H,1.8001519756838906,F,592250,0.032,Cardinia Houses
462,Casey,2009,280.0,H,1.0,F,340000,0.043,Casey Houses
463,Casey,2010,300.0,H,1.161764705882353,F,395000,0.039,Casey Houses
464,Casey,2011,320.0,H,1.1632352941176471,F,395500,0.042,Casey Houses
465,Casey,2012,320.0,H,1.1470588235294117,F,390000,0.043,Casey Houses
466,Casey,2013,320.0,H,1.1647058823529413,F,396000,0.042,Casey Houses
467,Casey,2014,330.0,H,1.2286764705882354,F,417750,0.041,Casey Houses
468,Casey,2015,340.0,H,1.3529411764705883,F,460000,0.038,Casey Houses
469,Casey,2016,350.0,H,1.4617647058823529,F,497000,0.037,Casey Houses
470,Casey,2017,355.0,H,1.75,F,595000,0.031,Casey Houses
471,Casey,2018,360.0,H,1.8720588235294118,F,636500,0.029,Casey Houses
472,Casey,2019,370.0,H,1.7794117647058822,F,605000,0.032,Casey Houses
473,Darebin,2009,385.5,H,1.0,F,491000,0.041,Darebin Houses
474,Darebin,2010,402.5,H,1.2525458248472505,F,615000,0.034,Darebin Houses
475,Darebin,2011,420.0,H,1.2219959266802445,F,600000,0.036,Darebin Houses
476,Darebin,2012,441.5,H,1.1303462321792261,F,555000,0.041,Darebin Houses
477,Darebin,2013,451.5,H,1.2881873727087576,F,632500,0.037,Darebin Houses
478,Darebin,2014,475.0,H,1.4052953156822812,F,690000,0.036,Darebin Houses
479,Darebin,2015,475.0,H,1.5376782077393076,F,755000,0.033,Darebin Houses
480,Darebin,2016,514.0,H,1.7678207739307537,F,868000,0.031,Darebin Houses
481,Darebin,2017,525.0,H,1.934826883910387,F,950000,0.029,Darebin Houses
482,Darebin,2018,552.5,H,1.8737270875763747,F,920000,0.031,Darebin Houses
483,Darebin,2019,560.5,H,1.8625254582484725,F,914500,0.032,Darebin Houses
484,Frankston,2009,270.0,H,1.0,F,328000,0.043,Frankston Houses
485,Frankston,2010,290.0,H,1.1432926829268293,F,375000,0.04,Frankston Houses
486,Frankston,2011,300.0,H,1.173780487804878,F,385000,0.041,Frankston Houses
487,Frankston,2012,310.0,H,1.1280487804878048,F,370000,0.044,Frankston Houses
488,Frankston,2013,320.0,H,1.173780487804878,F,385000,0.043,Frankston Houses
489,Frankston,2014,320.0,H,1.2591463414634145,F,413000,0.04,Frankston Houses
490,Frankston,2015,330.0,H,1.3323170731707317,F,437000,0.039,Frankston Houses
491,Frankston,2016,350.0,H,1.4634146341463414,F,480000,0.038,Frankston Houses
492,Frankston,2017,355.0,H,1.829268292682927,F,600000,0.031,Frankston Houses
493,Frankston,2018,365.0,H,1.875,F,615000,0.031,Frankston Houses
494,Frankston,2019,370.0,H,1.829268292682927,F,600000,0.032,Frankston Houses
495,Glen Eira,2009,495.0,H,1.0,F,835500,0.031,Glen Eira Houses
496,Glen Eira,2010,535.0,H,1.1609814482345902,F,970000,0.029,Glen Eira Houses
497,Glen Eira,2011,550.0,H,1.092160383004189,F,912500,0.031,Glen Eira Houses
498,Glen Eira,2012,550.0,H,1.0263315380011968,F,857500,0.033,Glen Eira Houses
499,Glen Eira,2013,580.0,H,1.1938958707360863,F,997500,0.03,Glen Eira Houses
500,Glen Eira,2014,600.0,H,1.397965290245362,F,1168000,0.027,Glen Eira Houses
501,Glen Eira,2015,600.0,H,1.613405146618791,F,1348000,0.023,Glen Eira Houses
502,Glen Eira,2016,630.0,H,1.8162776780371035,F,1517500,0.022,Glen Eira Houses
503,Glen Eira,2017,650.0,H,1.8073010173548774,F,1510000,0.022,Glen Eira Houses
504,Glen Eira,2018,650.0,H,1.8611609814482346,F,1555000,0.022,Glen Eira Houses
505,Glen Eira,2019,670.0,H,1.7564332734889287,F,1467500,0.024,Glen Eira Houses
506,Greater Dandenong,2009,312.5,H,1.0,F,377500,0.043,Greater Dandenong Houses
507,Greater Dandenong,2010,335.0,H,1.1860927152317882,F,447750,0.039,Greater Dandenong Houses
508,Greater Dandenong,2011,341.5,H,1.1847682119205298,F,447250,0.04,Greater Dandenong Houses
509,Greater Dandenong,2012,350.0,H,1.176158940397351,F,444000,0.041,Greater Dandenong Houses
510,Greater Dandenong,2013,345.0,H,1.213907284768212,F,458250,0.039,Greater Dandenong Houses
511,Greater Dandenong,2014,360.5,H,1.318543046357616,F,497750,0.038,Greater Dandenong Houses
512,Greater Dandenong,2015,369.0,H,1.5364238410596027,F,580000,0.033,Greater Dandenong Houses
513,Greater Dandenong,2016,383.5,H,1.709933774834437,F,645500,0.031,Greater Dandenong Houses
514,Greater Dandenong,2017,395.0,H,1.9536423841059603,F,737500,0.028,Greater Dandenong Houses
515,Greater Dandenong,2018,405.0,H,2.047682119205298,F,773000,0.027,Greater Dandenong Houses
516,Greater Dandenong,2019,415.0,H,1.9642384105960264,F,741500,0.029,Greater Dandenong Houses
517,Hobsons Bay,2009,370.0,H,1.0,F,478000,0.04,Hobsons Bay Houses
518,Hobsons Bay,2010,380.0,H,1.1820083682008369,F,565000,0.035,Hobsons Bay Houses
519,Hobsons Bay,2011,395.0,H,1.1297071129707112,F,540000,0.038,Hobsons Bay Houses
520,Hobsons Bay,2012,430.0,H,1.1506276150627615,F,550000,0.041,Hobsons Bay Houses
521,Hobsons Bay,2013,440.0,H,1.1736401673640167,F,561000,0.041,Hobsons Bay Houses
522,Hobsons Bay,2014,450.0,H,1.3336820083682008,F,637500,0.037,Hobsons Bay Houses
523,Hobsons Bay,2015,482.5,H,1.4581589958158996,F,697000,0.036,Hobsons Bay Houses
524,Hobsons Bay,2016,490.0,H,1.6694560669456067,F,798000,0.032,Hobsons Bay Houses
525,Hobsons Bay,2017,515.0,H,1.8619246861924685,F,890000,0.03,Hobsons Bay Houses
526,Hobsons Bay,2018,520.0,H,1.8305439330543933,F,875000,0.031,Hobsons Bay Houses
527,Hobsons Bay,2019,530.0,H,1.7625523012552302,F,842500,0.033,Hobsons Bay Houses
528,Hume,2009,290.0,H,1.0,F,362250,0.042,Hume Houses
529,Hume,2010,300.0,H,1.1538992408557627,F,418000,0.037,Hume Houses
530,Hume,2011,320.0,H,1.1042097998619738,F,400000,0.042,Hume Houses
531,Hume,2012,330.0,H,1.048999309868875,F,380000,0.045,Hume Houses
532,Hume,2013,320.0,H,1.0869565217391304,F,393750,0.042,Hume Houses
533,Hume,2014,330.0,H,1.1414768806073154,F,413500,0.041,Hume Houses
534,Hume,2015,340.0,H,1.2215320910973084,F,442500,0.04,Hume Houses
535,Hume,2016,350.0,H,1.3795721187025536,F,499750,0.036,Hume Houses
536,Hume,2017,360.0,H,1.6777087646652864,F,607750,0.031,Hume Houses
537,Hume,2018,380.0,H,1.7184265010351967,F,622500,0.032,Hume Houses
538,Hume,2019,390.0,H,1.6445824706694272,F,595750,0.034,Hume Houses
539,Kingston,2009,333.0,H,1.0,F,533250,0.032,Kingston Houses
540,Kingston,2010,350.0,H,1.1683075480543834,F,623000,0.029,Kingston Houses
541,Kingston,2011,370.0,H,1.1298640412564462,F,602500,0.032,Kingston Houses
542,Kingston,2012,395.0,H,1.090014064697609,F,581250,0.035,Kingston Houses
543,Kingston,2013,390.0,H,1.1420534458509142,F,609000,0.033,Kingston Houses
544,Kingston,2014,410.0,H,1.2751992498827942,F,680000,0.031,Kingston Houses
545,Kingston,2015,420.0,H,1.4542897327707454,F,775500,0.028,Kingston Houses
546,Kingston,2016,430.0,H,1.6690107829348335,F,890000,0.025,Kingston Houses
547,Kingston,2017,450.0,H,1.9188935771214253,F,1023250,0.023,Kingston Houses
548,Kingston,2018,450.0,H,1.7979371776840132,F,958750,0.024,Kingston Houses
549,Kingston,2019,465.0,H,1.7468354430379747,F,931500,0.026,Kingston Houses
550,Knox,2009,320.0,H,1.0,F,438500,0.038,Knox Houses
551,Knox,2010,340.0,H,1.209806157354618,F,530500,0.033,Knox Houses
552,Knox,2011,350.0,H,1.185860889395667,F,520000,0.035,Knox Houses
553,Knox,2012,350.0,H,1.1174458380843786,F,490000,0.037,Knox Houses
554,Knox,2013,360.0,H,1.2474344355758267,F,547000,0.034,Knox Houses
555,Knox,2014,370.0,H,1.322690992018244,F,580000,0.033,Knox Houses
556,Knox,2015,380.0,H,1.5530216647662485,F,681000,0.029,Knox Houses
557,Knox,2016,390.0,H,1.710376282782212,F,750000,0.027,Knox Houses
558,Knox,2017,400.0,H,1.984036488027366,F,870000,0.024,Knox Houses
559,Knox,2018,415.0,H,1.9042189281641961,F,835000,0.026,Knox Houses
560,Knox,2019,420.0,H,1.8358038768529077,F,805000,0.027,Knox Houses
561,Manningham,2009,350.0,H,1.0,F,575000,0.032,Manningham Houses
562,Manningham,2010,360.0,H,1.1304347826086956,F,650000,0.029,Manningham Houses
563,Manningham,2011,380.0,H,1.142608695652174,F,657000,0.03,Manningham Houses
564,Manningham,2012,387.5,H,1.0826086956521739,F,622500,0.032,Manningham Houses
565,Manningham,2013,395.0,H,1.1834782608695653,F,680500,0.03,Manningham Houses
566,Manningham,2014,394.0,H,1.3217391304347825,F,760000,0.027,Manningham Houses
567,Manningham,2015,420.0,H,1.551304347826087,F,892000,0.024,Manningham Houses
568,Manningham,2016,420.0,H,1.6869565217391305,F,970000,0.023,Manningham Houses
569,Manningham,2017,440.0,H,1.8956521739130434,F,1090000,0.021,Manningham Houses
570,Manningham,2018,455.0,H,1.8347826086956522,F,1055000,0.022,Manningham Houses
571,Manningham,2019,460.0,H,1.7565217391304349,F,1010000,0.024,Manningham Houses
572,Maribyrnong,2009,370.0,H,1.0,F,541000,0.036,Maribyrnong Houses
573,Maribyrnong,2010,385.0,H,1.1959334565619224,F,647000,0.031,Maribyrnong Houses
574,Maribyrnong,2011,400.0,H,1.146025878003697,F,620000,0.034,Maribyrnong Houses
575,Maribyrnong,2012,430.0,H,1.1645101663585953,F,630000,0.035,Maribyrnong Houses
576,Maribyrnong,2013,440.0,H,1.2569316081330868,F,680000,0.034,Maribyrnong Houses
577,Maribyrnong,2014,450.0,H,1.3123844731977818,F,710000,0.033,Maribyrnong Houses
578,Maribyrnong,2015,490.0,H,1.4972273567467653,F,810000,0.031,Maribyrnong Houses
579,Maribyrnong,2016,500.0,H,1.6959334565619224,F,917500,0.028,Maribyrnong Houses
580,Maribyrnong,2017,525.0,H,1.8853974121996304,F,1020000,0.027,Maribyrnong Houses
581,Maribyrnong,2018,540.0,H,1.8826247689463955,F,1018500,0.028,Maribyrnong Houses
582,Maribyrnong,2019,550.0,H,1.7948243992606285,F,971000,0.029,Maribyrnong Houses
583,Maroondah,2009,320.0,H,1.0,F,455250,0.037,Maroondah Houses
584,Maroondah,2010,340.0,H,1.1911037891268534,F,542250,0.033,Maroondah Houses
585,Maroondah,2011,355.0,H,1.14222954420648,F,520000,0.036,Maroondah Houses
586,Maroondah,2012,355.0,H,1.1367380560131797,F,517500,0.036,Maroondah Houses
587,Maroondah,2013,360.0,H,1.2328390993959364,F,561250,0.033,Maroondah Houses
588,Maroondah,2014,372.5,H,1.372872048325096,F,625000,0.031,Maroondah Houses
589,Maroondah,2015,382.5,H,1.6309719934102143,F,742500,0.027,Maroondah Houses
590,Maroondah,2016,392.5,H,1.7479406919275124,F,795750,0.026,Maroondah Houses
591,Maroondah,2017,400.0,H,1.9895661724327294,F,905750,0.023,Maroondah Houses
592,Maroondah,2018,417.5,H,1.9560680944535969,F,890500,0.024,Maroondah Houses
593,Maroondah,2019,420.0,H,1.8231740801757277,F,830000,0.026,Maroondah Houses
594,Melbourne,2009,512.5,H,1.0,F,731000,0.036,Melbourne Houses
595,Melbourne,2010,571.5,H,1.1162790697674418,F,816000,0.036,Melbourne Houses
596,Melbourne,2011,600.0,H,1.1080711354309165,F,810000,0.039,Melbourne Houses
597,Melbourne,2012,623.0,H,1.0964432284541723,F,801500,0.04,Melbourne Houses
598,Melbourne,2013,660.0,H,1.183310533515732,F,865000,0.04,Melbourne Houses
599,Melbourne,2014,670.0,H,1.2551299589603284,F,917500,0.038,Melbourne Houses
600,Melbourne,2015,690.0,H,1.3748290013679891,F,1005000,0.036,Melbourne Houses
601,Melbourne,2016,700.0,H,1.6621067031463748,F,1215000,0.03,Melbourne Houses
602,Melbourne,2017,720.0,H,1.9015047879616962,F,1390000,0.027,Melbourne Houses
603,Melbourne,2018,760.0,H,1.8741450068399452,F,1370000,0.029,Melbourne Houses
604,Melbourne,2019,770.0,H,1.7332421340629276,F,1267000,0.032,Melbourne Houses
605,Melton,2009,260.0,H,1.0,F,311750,0.043,Melton Houses
606,Melton,2010,280.0,H,1.1467522052927024,F,357500,0.041,Melton Houses
607,Melton,2011,290.0,H,1.169206094627105,F,364500,0.041,Melton Houses
608,Melton,2012,290.0,H,1.132317562149158,F,353000,0.043,Melton Houses
609,Melton,2013,295.0,H,1.1708099438652766,F,365000,0.042,Melton Houses
610,Melton,2014,300.0,H,1.2245388933440258,F,381750,0.041,Melton Houses
611,Melton,2015,310.0,H,1.2830793905372895,F,400000,0.04,Melton Houses
612,Melton,2016,320.0,H,1.4482758620689655,F,451500,0.037,Melton Houses
613,Melton,2017,330.0,H,1.7281475541299118,F,538750,0.032,Melton Houses
614,Melton,2018,350.0,H,1.8436246992782679,F,574750,0.032,Melton Houses
615,Melton,2019,360.0,H,1.7858861267040897,F,556750,0.034,Melton Houses
616,Monash,2009,350.0,H,1.0,F,570000,0.032,Monash Houses
617,Monash,2010,360.0,H,1.1842105263157894,F,675000,0.028,Monash Houses
618,Monash,2011,380.0,H,1.105263157894737,F,630000,0.031,Monash Houses
619,Monash,2012,390.0,H,1.0701754385964912,F,610000,0.033,Monash Houses
620,Monash,2013,390.0,H,1.2026315789473685,F,685500,0.03,Monash Houses
621,Monash,2014,400.0,H,1.406140350877193,F,801500,0.026,Monash Houses
622,Monash,2015,415.0,H,1.7236842105263157,F,982500,0.022,Monash Houses
623,Monash,2016,430.0,H,1.7850877192982457,F,1017500,0.022,Monash Houses
624,Monash,2017,440.0,H,2.0350877192982457,F,1160000,0.02,Monash Houses
625,Monash,2018,450.0,H,1.8421052631578947,F,1050000,0.022,Monash Houses
626,Monash,2019,460.0,H,1.7701754385964912,F,1009000,0.024,Monash Houses
627,Moonee Valley,2009,340.0,H,1.0,F,506500,0.035,Moonee Valley Houses
628,Moonee Valley,2010,355.0,H,1.2230997038499507,F,619500,0.03,Moonee Valley Houses
629,Moonee Valley,2011,365.0,H,1.1742349457058243,F,594750,0.032,Moonee Valley Houses
630,Moonee Valley,2012,375.0,H,1.1505429417571569,F,582750,0.033,Moonee Valley Houses
631,Moonee Valley,2013,380.0,H,1.221618953603159,F,618750,0.032,Moonee Valley Houses
632,Moonee Valley,2014,395.0,H,1.2833168805528135,F,650000,0.032,Moonee Valley Houses
633,Moonee Valley,2015,415.0,H,1.40177690029615,F,710000,0.03,Moonee Valley Houses
634,Moonee Valley,2016,440.0,H,1.6095755182625864,F,815250,0.028,Moonee Valley Houses
635,Moonee Valley,2017,455.0,H,1.837117472852912,F,930500,0.025,Moonee Valley Houses
636,Moonee Valley,2018,470.0,H,1.7769002961500493,F,900000,0.027,Moonee Valley Houses
637,Moonee Valley,2019,495.0,H,1.6767028627838105,F,849250,0.03,Moonee Valley Houses
638,Moreland,2009,350.0,H,1.0,F,551000,0.033,Moreland Houses
639,Moreland,2010,375.0,H,1.1887477313974593,F,655000,0.03,Moreland Houses
640,Moreland,2011,380.0,H,1.1705989110707804,F,645000,0.031,Moreland Houses
641,Moreland,2012,400.0,H,1.1415607985480944,F,629000,0.033,Moreland Houses
642,Moreland,2013,398.0,H,1.1715063520871143,F,645500,0.032,Moreland Houses
643,Moreland,2014,400.0,H,1.2885662431941924,F,710000,0.029,Moreland Houses
644,Moreland,2015,430.0,H,1.4355716878402904,F,791000,0.028,Moreland Houses
645,Moreland,2016,440.0,H,1.58983666061706,F,876000,0.026,Moreland Houses
646,Moreland,2017,460.0,H,1.8148820326678765,F,1000000,0.024,Moreland Houses
647,Moreland,2018,490.0,H,1.778584392014519,F,980000,0.026,Moreland Houses
648,Moreland,2019,495.0,H,1.7241379310344827,F,950000,0.027,Moreland Houses
649,Mornington Peninsula,2009,260.0,H,1.0,F,416500,0.032,Mornington Peninsula Houses
650,Mornington Peninsula,2010,280.0,H,1.1914765906362546,F,496250,0.029,Mornington Peninsula Houses
651,Mornington Peninsula,2011,310.0,H,1.203481392557023,F,501250,0.032,Mornington Peninsula Houses
652,Mornington Peninsula,2012,310.0,H,1.2142857142857142,F,505750,0.032,Mornington Peninsula Houses
653,Mornington Peninsula,2013,310.0,H,1.2484993997599039,F,520000,0.031,Mornington Peninsula Houses
654,Mornington Peninsula,2014,320.0,H,1.2623049219687874,F,525750,0.032,Mornington Peninsula Houses
655,Mornington Peninsula,2015,330.0,H,1.4285714285714286,F,595000,0.029,Mornington Peninsula Houses
656,Mornington Peninsula,2016,350.0,H,1.605642256902761,F,668750,0.027,Mornington Peninsula Houses
657,Mornington Peninsula,2017,360.0,H,1.8967587034813926,F,790000,0.024,Mornington Peninsula Houses
658,Mornington Peninsula,2018,380.0,H,2.031812725090036,F,846250,0.023,Mornington Peninsula Houses
659,Mornington Peninsula,2019,392.5,H,1.914765906362545,F,797500,0.026,Mornington Peninsula Houses
660,Nillumbik,2009,345.0,H,1.0,F,440000,0.041,Nillumbik Houses
661,Nillumbik,2010,351.5,H,1.1795454545454545,F,519000,0.035,Nillumbik Houses
662,Nillumbik,2011,365.0,H,1.1704545454545454,F,515000,0.037,Nillumbik Houses
663,Nillumbik,2012,367.5,H,1.1136363636363635,F,490000,0.039,Nillumbik Houses
664,Nillumbik,2013,375.0,H,1.165909090909091,F,513000,0.038,Nillumbik Houses
665,Nillumbik,2014,371.5,H,1.2613636363636365,F,555000,0.035,Nillumbik Houses
666,Nillumbik,2015,390.0,H,1.3806818181818181,F,607500,0.033,Nillumbik Houses
667,Nillumbik,2016,395.0,H,1.5863636363636364,F,698000,0.029,Nillumbik Houses
668,Nillumbik,2017,412.5,H,1.7954545454545454,F,790000,0.027,Nillumbik Houses
669,Nillumbik,2018,430.0,H,1.8068181818181819,F,795000,0.028,Nillumbik Houses
670,Nillumbik,2019,435.0,H,1.7079545454545455,F,751500,0.03,Nillumbik Houses
671,Port Phillip,2009,617.5,H,1.0,F,951750,0.034,Port Phillip Houses
672,Port Phillip,2010,650.0,H,1.2437614919884423,F,1183750,0.029,Port Phillip Houses
673,Port Phillip,2011,695.0,H,1.1862358812713423,F,1129000,0.032,Port Phillip Houses
674,Port Phillip,2012,700.0,H,1.128447596532703,F,1074000,0.034,Port Phillip Houses
675,Port Phillip,2013,744.0,H,1.2043603887575518,F,1146250,0.034,Port Phillip Houses
676,Port Phillip,2014,762.5,H,1.3343840294194904,F,1270000,0.031,Port Phillip Houses
677,Port Phillip,2015,795.0,H,1.5778828473863935,F,1501750,0.028,Port Phillip Houses
678,Port Phillip,2016,815.0,H,1.8379301287102705,F,1749250,0.024,Port Phillip Houses
679,Port Phillip,2017,800.0,H,1.9858156028368794,F,1890000,0.022,Port Phillip Houses
680,Port Phillip,2018,825.0,H,1.933806146572104,F,1840500,0.023,Port Phillip Houses
681,Port Phillip,2019,850.0,H,1.8334646703441029,F,1745000,0.025,Port Phillip Houses
682,Stonnington,2009,545.0,H,1.0,F,825000,0.034,Stonnington Houses
683,Stonnington,2010,575.0,H,1.113939393939394,F,919000,0.033,Stonnington Houses
684,Stonnington,2011,621.5,H,1.0424242424242425,F,860000,0.038,Stonnington Houses
685,Stonnington,2012,650.0,H,1.0242424242424242,F,845000,0.04,Stonnington Houses
686,Stonnington,2013,650.0,H,1.0909090909090908,F,900000,0.038,Stonnington Houses
687,Stonnington,2014,650.0,H,1.3757575757575757,F,1135000,0.03,Stonnington Houses
688,Stonnington,2015,687.5,H,1.5757575757575757,F,1300000,0.028,Stonnington Houses
689,Stonnington,2016,690.0,H,1.6345454545454545,F,1348500,0.027,Stonnington Houses
690,Stonnington,2017,710.0,H,1.8181818181818181,F,1500000,0.025,Stonnington Houses
691,Stonnington,2018,741.5,H,1.7515151515151515,F,1445000,0.027,Stonnington Houses
692,Stonnington,2019,737.5,H,1.6727272727272726,F,1380000,0.028,Stonnington Houses
693,Whitehorse,2009,350.0,H,1.0,F,610000,0.03,Whitehorse Houses
694,Whitehorse,2010,360.0,H,1.1975409836065574,F,730500,0.026,Whitehorse Houses
695,Whitehorse,2011,380.0,H,1.1725409836065575,F,715250,0.028,Whitehorse Houses
696,Whitehorse,2012,395.0,H,1.1172131147540985,F,681500,0.03,Whitehorse Houses
697,Whitehorse,2013,395.0,H,1.2508196721311475,F,763000,0.027,Whitehorse Houses
698,Whitehorse,2014,411.0,H,1.4352459016393442,F,875500,0.024,Whitehorse Houses
699,Whitehorse,2015,427.5,H,1.7815573770491804,F,1086750,0.02,Whitehorse Houses
700,Whitehorse,2016,440.0,H,1.9385245901639345,F,1182500,0.019,Whitehorse Houses
701,Whitehorse,2017,450.0,H,2.1811475409836065,F,1330500,0.018,Whitehorse Houses
702,Whitehorse,2018,455.0,H,1.975,F,1204750,0.02,Whitehorse Houses
703,Whitehorse,2019,460.0,H,1.9110655737704918,F,1165750,0.021,Whitehorse Houses
704,Whittlesea,2009,300.0,H,1.0,F,370500,0.042,Whittlesea Houses
705,Whittlesea,2010,320.0,H,1.1336032388663968,F,420000,0.04,Whittlesea Houses
706,Whittlesea,2011,330.0,H,1.106612685560054,F,410000,0.042,Whittlesea Houses
707,Whittlesea,2012,330.0,H,1.106612685560054,F,410000,0.042,Whittlesea Houses
708,Whittlesea,2013,330.0,H,1.1106612685560053,F,411500,0.042,Whittlesea Houses
709,Whittlesea,2014,340.0,H,1.147098515519568,F,425000,0.042,Whittlesea Houses
710,Whittlesea,2015,340.0,H,1.194331983805668,F,442500,0.04,Whittlesea Houses
711,Whittlesea,2016,350.0,H,1.3394062078272604,F,496250,0.037,Whittlesea Houses
712,Whittlesea,2017,360.0,H,1.6680161943319838,F,618000,0.03,Whittlesea Houses
713,Whittlesea,2018,370.0,H,1.7004048582995952,F,630000,0.031,Whittlesea Houses
714,Whittlesea,2019,380.0,H,1.605263157894737,F,594750,0.033,Whittlesea Houses
715,Wyndham,2009,276.5,H,1.0,F,355000,0.041,Wyndham Houses
716,Wyndham,2010,290.0,H,1.123943661971831,F,399000,0.038,Wyndham Houses
717,Wyndham,2011,300.0,H,1.1267605633802817,F,400000,0.039,Wyndham Houses
718,Wyndham,2012,300.0,H,1.1267605633802817,F,400000,0.039,Wyndham Houses
719,Wyndham,2013,305.0,H,1.1267605633802817,F,400000,0.04,Wyndham Houses
720,Wyndham,2014,315.0,H,1.1985915492957746,F,425500,0.038,Wyndham Houses
721,Wyndham,2015,325.0,H,1.3098591549295775,F,465000,0.036,Wyndham Houses
722,Wyndham,2016,340.0,H,1.4619718309859155,F,519000,0.034,Wyndham Houses
723,Wyndham,2017,350.0,H,1.7605633802816902,F,625000,0.029,Wyndham Houses
724,Wyndham,2018,365.0,H,1.7887323943661972,F,635000,0.03,Wyndham Houses
725,Wyndham,2019,372.5,H,1.7887323943661972,F,635000,0.031,Wyndham Houses
726,Yarra,2009,495.0,H,1.0,F,782500,0.033,Yarra Houses
727,Yarra,2010,568.0,H,1.1501597444089458,F,900000,0.033,Yarra Houses
728,Yarra,2011,597.5,H,1.1086261980830672,F,867500,0.036,Yarra Houses
729,Yarra,2012,623.0,H,1.1345047923322684,F,887750,0.036,Yarra Houses
730,Yarra,2013,655.0,H,1.227476038338658,F,960500,0.035,Yarra Houses
731,Yarra,2014,660.0,H,1.357188498402556,F,1062000,0.032,Yarra Houses
732,Yarra,2015,677.5,H,1.487220447284345,F,1163750,0.03,Yarra Houses
733,Yarra,2016,687.5,H,1.6498402555910543,F,1291000,0.028,Yarra Houses
734,Yarra,2017,702.5,H,1.923961661341853,F,1505500,0.024,Yarra Houses
735,Yarra,2018,750.0,H,1.8690095846645367,F,1462500,0.027,Yarra Houses
736,Yarra,2019,750.0,H,1.7699680511182108,F,1385000,0.028,Yarra Houses
737,Yarra Ranges,2009,300.0,H,1.0,F,371750,0.042,Yarra Ranges Houses
738,Yarra Ranges,2010,320.0,H,1.1815736381977135,F,439250,0.038,Yarra Ranges Houses
739,Yarra Ranges,2011,337.5,H,1.16408876933423,F,432750,0.041,Yarra Ranges Houses
740,Yarra Ranges,2012,340.0,H,1.1264290517821116,F,418750,0.042,Yarra Ranges Houses
741,Yarra Ranges,2013,345.0,H,1.1768661735036987,F,437500,0.041,Yarra Ranges Houses
742,Yarra Ranges,2014,355.0,H,1.281102891728312,F,476250,0.039,Yarra Ranges Houses
743,Yarra Ranges,2015,360.0,H,1.437794216543376,F,534500,0.035,Yarra Ranges Houses
744,Yarra Ranges,2016,372.5,H,1.5870880968392738,F,590000,0.033,Yarra Ranges Houses
745,Yarra Ranges,2017,385.0,H,1.83591123066577,F,682500,0.029,Yarra Ranges Houses
746,Yarra Ranges,2018,400.0,H,1.8850033624747815,F,700750,0.03,Yarra Ranges Houses
747,Yarra Ranges,2019,400.0,H,1.8069939475453933,F,671750,0.031,Yarra Ranges Houses
