,suburb,Count,price,yield,cagr,ptype,total_income
0,Albert Park,126.27083333333334,863000,0.027114716106604868,0.03289532190671629,U,0.06001003801332116
1,Middle Park,126.27083333333334,670000,0.03492537313432836,0.033239848220827595,U,0.06816522135515596
2,Armadale,605.375,605000,0.033778512396694216,0.02715208469917285,U,0.06093059709586707
3,Carlton North,181.25,605000,0.0352396694214876,0.031295790282878766,U,0.06653545970436636
4,Carlton,1255.15625,445000,0.05375280898876404,0.05349195802289297,U,0.10724476701165701
5,Parkville,1255.15625,505000,0.04736633663366337,0.002658550904880208,U,0.050024887538543575
6,Collingwood,695.09375,585000,0.042666666666666665,0.025375567495508067,U,0.06804223416217473
7,Abbotsford,695.09375,575000,0.043408695652173916,-0.024029609847832645,U,0.01937908580434127
8,Docklands,2117.0,559000,0.05023255813953489,0.006134179809236695,U,0.05636673794877158
9,East Melbourne,375.1875,597500,0.04351464435146443,0.021709832427455833,U,0.06522447677892027
10,Elwood,1573.25,588000,0.03537414965986395,0.03702939628399293,U,0.07240354594385688
11,Fitzroy,351.625,603000,0.04570480928689884,0.0343429777942339,U,0.08004778708113273
12,Fitzroy North,251.03125,550000,0.042072727272727276,0.026543538994211913,U,0.06861626626693919
13,Clifton Hill,251.03125,566500,0.040847308031774054,0.022145323559226604,U,0.06299263159100066
14,Flemington,555.53125,437000,0.04521739130434783,0.028222834821739262,U,0.07344022612608708
15,Kensington,555.53125,430000,0.045953488372093024,0.02941787112394234,U,0.07537135949603536
16,North Melbourne,820.15625,529000,0.044234404536862004,0.03125632671623091,U,0.07549073125309291
17,West Melbourne,820.15625,470000,0.04978723404255319,0.022928655245459284,U,0.07271588928801248
18,Port Melbourne,822.875,745000,0.038389261744966444,0.022951726327760547,U,0.06134098807272699
19,Prahran,667.0,550000,0.0416,0.04361215381629435,U,0.08521215381629435
20,Windsor,667.0,490000,0.04669387755102041,0.01501516971699135,U,0.06170904726801176
21,Richmond,851.875,539000,0.04727272727272727,0.022080355173047295,U,0.06935308244577457
22,South Melbourne,804.75,567500,0.047647577092511016,0.014883019929336161,U,0.06253059702184718
23,South Yarra,2657.125,567000,0.044938271604938275,0.021252219884918766,U,0.06619049148985703
24,Southbank,3219.0,547500,0.05033789954337899,0.012000060950605018,U,0.06233796049398401
25,St Kilda,2189.5,491000,0.045010183299389,0.024252820661908592,U,0.06926300396129759
26,Toorak,560.0625,820500,0.028519195612431443,0.053433223901514726,U,0.08195241951394616
27,Balwyn,522.0,595000,0.03277310924369748,0.04242689173140657,U,0.07520000097510404
28,Blackburn,404.1875,523000,0.03678776290630975,0.04195114719125126,U,0.07873891009756101
29,Box Hill,1895.875,485000,0.037525773195876286,0.053565799194878805,U,0.09109157239075509
30,Bulleen,357.6666666666667,629000,0.031828298887122415,0.04238779412479188,U,0.07421609301191429
31,Templestowe,357.6666666666667,670500,0.029858314690529457,0.03998283559093818,U,0.06984115028146765
32,Doncaster,357.6666666666667,549000,0.03646630236794171,0.028085853201751165,U,0.06455215556969288
33,Burwood,231.09375,590000,0.0343728813559322,0.04577211620501154,U,0.08014499756094373
34,Ashburton,231.09375,734000,0.02762942779291553,0.06373405519128683,U,0.09136348298420235
35,Camberwell,662.46875,695000,0.028805755395683454,0.042348927037502815,U,0.07115468243318626
36,Glen Iris,662.46875,560000,0.03575,0.030834059827220983,U,0.06658405982722099
37,Canterbury,183.66666666666666,1050000,0.019314285714285714,0.08203738981834285,U,0.10135167553262857
38,Surrey Hills,183.66666666666666,625000,0.032448,0.03157593709463424,U,0.06402393709463425
39,Mont Albert,183.66666666666666,600000,0.0338,0.0376686973041378,U,0.0714686973041378
40,Chadstone,304.5,485000,0.037525773195876286,0.04825333112982588,U,0.08577910432570217
41,Oakleigh,304.5,460000,0.03956521739130435,0.029567967464751987,U,0.06913318485605634
42,Clayton,1294.125,522500,0.03433492822966507,0.05465086225372762,U,0.0889857904833927
43,Doncaster East,206.625,597500,0.03133054393305439,0.047179025843039346,U,0.07850956977609375
44,Donvale,206.625,570000,0.032842105263157895,0.054426175420275946,U,0.08726828068343384
45,Glen Waverley,162.21875,649000,0.030046224961479198,0.062092085639965156,U,0.09213831060144435
46,Mulgrave,162.21875,500000,0.039,0.05449589185476622,U,0.09349589185476623
47,Hawthorn,1495.3125,553000,0.0374249547920434,0.03853037559093364,U,0.07595533038297704
48,Kew,906.25,648500,0.030470316114109483,0.039456550876131535,U,0.06992686699024102
49,Mount Waverley,273.6875,720000,0.026,0.05758476809254942,U,0.08358476809254942
50,Nunawading,269.15625,480500,0.03679500520291363,0.040109726398928736,U,0.07690473160184236
51,Mitcham,269.15625,550000,0.032145454545454547,0.0569511724151297,U,0.08909662696058425
52,Vermont,85.1875,617500,0.029052631578947368,0.06396499567129177,U,0.09301762725023914
53,Forest Hill,85.1875,590000,0.030406779661016948,0.045325660946845314,U,0.07573244060786226
54,Burwood East,85.1875,530000,0.03384905660377358,0.04161671752496798,U,0.07546577412874156
55,Aspendale,314.1666666666667,570000,0.029649122807017543,0.040329881622987784,U,0.06997900443000532
56,Chelsea,314.1666666666667,425000,0.03976470588235294,0.06257604482282386,U,0.1023407507051768
57,Carrum,314.1666666666667,458500,0.03685932388222465,0.05177719850430318,U,0.08863652238652783
58,Bentleigh,1634.875,590000,0.031728813559322035,0.022370241091989262,U,0.0540990546513113
59,Brighton,712.3125,700000,0.03677142857142857,0.0503701296504202,U,0.08714155822184877
60,Brighton East,117.8125,800000,0.026,0.0557448866611967,U,0.0817448866611967
61,Carnegie,1228.875,535000,0.03547663551401869,0.03743838906386632,U,0.07291502457788501
62,Caulfield,1674.75,629000,0.03224165341812401,0.03251274090969569,U,0.06475439432781971
63,Cheltenham,1459.0625,480000,0.03791666666666667,0.03439973067784696,U,0.07231639734451363
64,Elsternwick,520.1875,563000,0.03648312611012433,0.02472029871664283,U,0.06120342482676716
65,Hampton,342.5625,650000,0.0328,0.033953176860775036,U,0.06675317686077503
66,Beaumaris,342.5625,769000,0.027724317295188556,0.01972848299742047,U,0.047452800292609024
67,Malvern,346.1875,773000,0.02758085381630013,0.032286198529787535,U,0.05986705234608766
68,Malvern East,859.125,525000,0.03763809523809524,0.053411763578333105,U,0.09104985881642835
69,Mentone,368.5416666666667,485000,0.037525773195876286,0.04953023094625353,U,0.08705600414212981
70,Parkdale,368.5416666666667,499000,0.03647294589178357,0.054041903514054024,U,0.0905148494058376
71,Mordialloc,368.5416666666667,455000,0.04,0.040369178404463746,U,0.08036917840446375
72,Murrumbeena,328.96875,525000,0.03664761904761905,0.0072410009438816925,U,0.04388861999150074
73,Hughesdale,328.96875,505000,0.0380990099009901,0.038819624753501314,U,0.07691863465449142
74,Altona,1154.5625,465000,0.033101075268817205,0.05410862077135303,U,0.08720969604017023
75,Footscray,895.375,408000,0.0407843137254902,0.01309024971653483,U,0.05387456344202503
76,Keilor East,415.0625,485000,0.037525773195876286,0.04858061438809669,U,0.08610638758397297
77,Avondale Heights,415.0625,468000,0.03888888888888889,0.050968327427053595,U,0.08985721631594248
78,Melton,208.4375,249000,0.049076305220883534,0.03389090043787646,U,0.08296720565876
79,Newport,152.25,575000,0.02893913043478261,0.043909680733654755,U,0.07284881116843736
80,Spotswood,152.25,488500,0.034063459570112586,0.04538852869262544,U,0.07945198826273803
81,St Albans,291.8125,296000,0.045675675675675674,0.05200273560677671,U,0.09767841128245239
82,Deer Park,291.8125,322000,0.041987577639751555,0.05298345718564401,U,0.09497103482539557
83,Sunshine,549.1875,370000,0.03513513513513514,0.04137974399241062,U,0.07651487912754576
84,Sydenham,255.5625,295000,0.05640677966101695,0.04378825075164805,U,0.100195030412665
85,Werribee,504.78125,261500,0.0497131931166348,0.04790198724587502,U,0.09761518036250982
86,Hoppers Crossing,504.78125,290000,0.04482758620689655,0.05262928277950518,U,0.09745686898640174
87,West Footscray,717.75,410000,0.04058536585365854,0.0346804744311946,U,0.07526584028485314
88,Williamstown,295.4375,570000,0.02919298245614035,0.04308728472613499,U,0.07228026718227534
89,Yarraville,308.125,525000,0.031695238095238096,0.04653309108207471,U,0.0782283291773128
90,Seddon,308.125,430500,0.0386527293844367,0.07411111898245104,U,0.11276384836688774
91,Broadmeadows,212.96875,300000,0.052,0.030497927125102908,U,0.0824979271251029
92,Roxburgh Park,212.96875,314000,0.049681528662420385,0.1004298569211246,U,0.15011138558354498
93,Brunswick,1317.6875,480000,0.042791666666666665,0.023957396055257263,U,0.06674906272192394
94,Coburg,401.46875,454000,0.04008810572687225,0.03355481259826765,U,0.07364291832513989
95,Pascoe Vale South,401.46875,440000,0.041363636363636366,0.03868487807224974,U,0.0800485144358861
96,Craigieburn,210.25,335000,0.046567164179104475,0.03286863695822495,U,0.07943580113732943
97,Essendon,1569.625,469000,0.036921108742004265,0.02281131703734318,U,0.059732425779347446
98,Tullamarine,116.0,339000,0.044483775811209436,0.04812238946895775,U,0.09260616528016719
99,Moonee Ponds,529.25,475000,0.03831578947368421,0.01662611626980448,U,0.05494190574348869
100,Ascot Vale,529.25,500000,0.0364,0.018517870473615083,U,0.054917870473615085
101,Oak Park,405.3958333333333,470000,0.034297872340425535,0.04921175695798463,U,0.08350962929841016
102,Glenroy,405.3958333333333,400000,0.0403,0.03780624744619865,U,0.07810624744619865
103,Fawkner,405.3958333333333,345000,0.04672463768115942,0.03922360193915364,U,0.08594823962031306
104,Pascoe Vale,396.9375,463000,0.037062634989200864,0.043363630236575856,U,0.08042626522577673
105,Coburg North,396.9375,412000,0.0416504854368932,0.05448667467646162,U,0.09613716011335482
106,Sunbury,203.0,316000,0.047721518987341775,0.042707205681605576,U,0.09042872466894736
107,Bundoora,343.7708333333333,406000,0.040985221674876844,0.00919877035895622,U,0.050183992033833065
108,Greensborough,343.7708333333333,446000,0.03730941704035874,0.04670894053619912,U,0.08401835757655786
109,Eltham,72.5,493000,0.03385801217038539,0.04935583239689367,U,0.08321384456727907
110,Research,72.5,512000,0.0326015625,0.0433354435526887,U,0.0759370060526887
111,Montmorency,72.5,490500,0.03403058103975535,0.05395860706702127,U,0.08798918810677661
112,Fairfield,203.90625,489500,0.036649642492339124,0.03817120858400269,U,0.07482085107634182
113,Alphington,203.90625,695500,0.025794392523364486,0.07853667357309835,U,0.10433106609646284
114,Heidelberg,370.65625,515000,0.03433009708737864,0.042174997716953655,U,0.07650509480433229
115,Heidelberg West,370.65625,386500,0.04574385510996119,0.04613224143782069,U,0.09187609654778188
116,Ivanhoe,254.65625,544000,0.033455882352941176,0.019582283956475877,U,0.05303816630941705
117,Ivanhoe East,254.65625,562000,0.03238434163701068,0.03216352424263769,U,0.06454786587964836
118,Mill Park,241.96875,357000,0.043697478991596636,0.037703637256510714,U,0.08140111624810735
119,Epping,241.96875,310500,0.050241545893719805,0.024176823417079385,U,0.07441836931079919
120,Northcote,715.9375,530000,0.04120754716981132,0.04696585354340499,U,0.0881734007132163
121,Preston,989.625,440000,0.041363636363636366,0.021785883629891867,U,0.06314951999352823
122,Reservoir,1417.375,381000,0.042309711286089235,0.05125886226952581,U,0.09356857355561504
123,Thomastown,260.09375,300000,0.05026666666666667,0.05145607102700045,U,0.10172273769366712
124,Lalor,260.09375,315000,0.04787301587301587,0.04578011992546105,U,0.09365313579847692
125,Thornbury,665.1875,459500,0.038476605005440694,0.04383304757002571,U,0.08230965257546641
126,Whittlesea,87.0,280000,0.052,0.03453361748045913,U,0.08653361748045912
127,Bayswater,389.6875,387000,0.040310077519379844,0.057397911485206565,U,0.09770798900458641
128,Boronia,465.8125,410000,0.04058536585365854,0.05219574103081426,U,0.0927811068844728
129,Croydon,440.4375,409000,0.03941320293398533,0.05626021382328483,U,0.09567341675727016
130,Lilydale,440.4375,366500,0.04398362892223738,0.04812238946895775,U,0.09210601839119513
131,Ferntree Gully,230.1875,405000,0.03851851851851852,0.050311829886509285,U,0.0888303484050278
132,Ringwood,1121.9375,445000,0.036808988764044946,0.04426146888934879,U,0.08107045765339374
133,Rowville,119.625,390000,0.044,0.04365906300479705,U,0.08765906300479705
134,Wantirna,118.71875,460000,0.03843478260869565,0.054504195331628535,U,0.09293897794032419
135,Scoresby,118.71875,455000,0.038857142857142854,0.04976009928713254,U,0.0886172421442754
136,Berwick,184.875,380000,0.04105263157894737,0.04043773876662904,U,0.08149037034557641
137,Cranbourne,322.625,265000,0.0529811320754717,0.048382968917165536,U,0.10136410099263723
138,Dandenong,1460.875,307000,0.0457328990228013,0.02203568801049416,U,0.06776858703329547
139,Dandenong North,206.625,325500,0.044731182795698925,0.045715574227696676,U,0.09044675702339561
140,Endeavour Hills,206.625,345000,0.042202898550724635,0.036683917090882145,U,0.07888681564160678
141,Narre Warren,178.53125,295000,0.05023728813559322,0.05169907012627695,U,0.10193635826187017
142,Hampton Park,178.53125,285000,0.052,0.03818017112287686,U,0.09018017112287685
143,Noble Park,917.125,322500,0.045953488372093024,0.04977720840486577,U,0.09573069677695879
144,Pakenham,335.3125,279500,0.04837209302325581,0.044236930075948866,U,0.09260902309920468
145,Springvale,1033.125,415000,0.037590361445783135,0.04097063730603279,U,0.07856099875181592
146,Dromana,198.46875,467500,0.028919786096256686,0.05018707894126284,U,0.07910686503751953
147,Frankston,1301.375,300000,0.0468,0.056163924872131954,U,0.10296392487213196
148,Hastings,147.71875,285000,0.04926315789473684,0.04974867836138763,U,0.09901183625612447
149,Mornington,137.75,462500,0.034854054054054055,0.06393105928800868,U,0.09878511334206275
150,Seaford,250.125,350000,0.0416,0.0586312667401252,U,0.1002312667401252
151,Carrum Downs,250.125,302500,0.048132231404958675,0.047879515444203324,U,0.096011746849162
152,Belmont,307.21875,298000,0.04885906040268456,0.05236792634055498,U,0.10122698674323954
153,Grovedale,307.21875,245000,0.05942857142857143,0.04870206092222551,U,0.10813063235079694
154,Corio,155.875,235000,0.054212765957446805,0.03946760565124441,U,0.09368037160869122
155,Geelong,276.40625,495000,0.02993939393939394,0.051136815750499665,U,0.0810762096898936
156,Herne Hill,138.65625,223500,0.05932885906040269,0.054550450267856654,U,0.11387930932825935
157,Geelong West,138.65625,340000,0.039,0.05971320381426781,U,0.09871320381426782
158,Lara,96.0625,265000,0.04905660377358491,0.03199961501271953,U,0.08105621878630444
159,North Geelong,235.625,256000,0.05484375,0.05805846116929625,U,0.11290221116929625
160,Mount Clear,29.0,256500,0.0482495126705653,0.035162901413984704,U,0.08341241408455
161,Sebastopol,135.9375,210000,0.05447619047619048,0.0167280403765524,U,0.07120423085274288
162,Wendouree,116.90625,240000,0.04658333333333333,0.04734914926430567,U,0.093932482597639
163,Alfredton,116.90625,233500,0.04788008565310493,0.04063081613258812,U,0.08851090178569304
164,Bendigo,177.625,308500,0.038768233387358186,0.001836598351406149,U,0.040604831738764335
165,Flora Hill,254.65625,261500,0.04772466539196941,0.02003822921545395,U,0.06776289460742335
166,Golden Square,66.15625,270000,0.04814814814814815,0.02955829585923242,U,0.07770644400738057
167,Kangaroo Flat,66.15625,227500,0.05714285714285714,0.02098100681516013,U,0.07812386395801726
168,North Bendigo,280.9375,222500,0.05562247191011236,0.021129308243661438,U,0.07675178015377379
169,Bairnsdale,150.4375,212000,0.053471698113207546,0.009811668825167263,U,0.0632833669383748
170,Benalla,141.375,180000,0.05431111111111111,0.02885985245649536,U,0.08317096356760648
171,Castlemaine,54.375,260000,0.052,0.06299554484078906,U,0.11499554484078905
172,Echuca,192.125,246000,0.048617886178861786,0.015345924664798671,U,0.06396381084366046
173,Hamilton,85.1875,200000,0.0546,-0.00815527974156205,U,0.04644472025843795
174,Horsham,279.125,185000,0.05340540540540541,0.03139498507129068,U,0.08480039047669609
175,Mildura,474.875,164500,0.05848024316109422,0.03564067300286866,U,0.09412091616396288
176,Moe,83.375,170000,0.04527058823529412,0.023669560426899938,U,0.06894014866219406
178,Morwell,212.0625,145000,0.057379310344827586,0.03126134916223555,U,0.08864065950706314
179,Ocean Grove,58.0,410000,0.03614634146341463,0.06105921116857571,U,0.09720555263199035
180,Barwon Heads,58.0,625000,0.023712,0.09675003296224571,U,0.12046203296224571
181,Portland,114.1875,225000,0.0416,0.031476745723852506,U,0.0730767457238525
182,Sale,135.9375,205000,0.05580487804878049,0.013857271921238645,U,0.06966214997001913
183,Maffra,135.9375,201000,0.05691542288557214,0.0131798340751621,U,0.07009525696073424
184,Seymour,65.25,175000,0.05467428571428572,0.026583631304232025,U,0.08125791701851774
185,Shepparton,563.6875,214000,0.048598130841121495,0.015534493002352434,U,0.06413262384347393
186,Swan Hill,166.75,185000,0.05621621621621622,0.03131030647754507,U,0.0875265226937613
187,Torquay,74.3125,452500,0.03447513812154696,0.03887329496012337,U,0.07334843308167033
188,Traralgon,290.0,250000,0.04368,0.0156920746137601,U,0.059372074613760095
189,Warragul,117.8125,250000,0.04784,0.029186008964760646,U,0.07702600896476064
190,Warrnambool,491.1875,258500,0.046266924564796905,0.024409353161412684,U,0.07067627772620959
191,Wodonga,538.3125,198000,0.05515151515151515,0.02531772001056165,U,0.0804692351620768
0,Albert Park,83.75,1503000,0.027262807717897537,0.06467565993383495,H,0.09193846765173248
1,Middle Park,83.75,2125000,0.019282823529411765,0.07602507436696238,H,0.09530789789637414
2,Armadale,76.875,1750000,0.023771428571428572,0.04373469515222683,H,0.0675061237236554
3,Carlton North,125.625,1095000,0.03181735159817352,0.07074504583297014,H,0.10256239743114366
4,Carlton,57.1875,1020000,0.03670588235294118,0.05023217441502825,H,0.08693805676796942
5,Parkville,57.1875,1525000,0.024550819672131147,0.013052228652509434,H,0.03760304832464058
6,Collingwood,80.625,775000,0.04361290322580645,0.055810426278183334,H,0.09942332950398979
7,Abbotsford,80.625,862500,0.03918840579710145,0.04678854833846202,H,0.08597695413556347
8,Elwood,121.875,1412500,0.029267256637168143,0.05715167437229596,H,0.0864189310094641
9,Fitzroy,90.0,1130000,0.03382300884955752,0.05966858673272002,H,0.09349159558227754
10,Fitzroy North,133.125,1014000,0.03435897435897436,0.0641086873663097,H,0.09846766172528407
11,Clifton Hill,133.125,965000,0.03610362694300518,0.06059538658538166,H,0.09669901352838683
12,Flemington,142.5,730000,0.03775342465753425,0.05589267625451999,H,0.09364610091205425
13,Kensington,142.5,730000,0.03775342465753425,0.05568687463748767,H,0.09344029929502193
14,North Melbourne,62.8125,832000,0.03875,0.07928265886621255,H,0.11803265886621256
15,West Melbourne,62.8125,916000,0.03519650655021834,0.03597070978445438,H,0.07116721633467271
16,Port Melbourne,251.25,917500,0.04392370572207085,0.04989193337168629,H,0.09381563909375715
17,Prahran,131.25,1175000,0.029651063829787234,0.0555986040389036,H,0.08524966786869083
18,Windsor,131.25,956500,0.03642446419236801,0.05618617534756676,H,0.09261063953993476
19,Richmond,277.5,961000,0.03722788761706556,0.0562597006285559,H,0.09348758824562145
20,Burnley,277.5,1100000,0.032523636363636366,0.04980389777709604,H,0.0823275341407324
21,South Melbourne,125.625,1200000,0.0325,0.03964726033445576,H,0.07214726033445576
22,South Yarra,217.5,1450000,0.028689655172413793,0.03175383012035837,H,0.060443485292772166
23,St Kilda,97.5,1225000,0.027591836734693877,0.06848050690430574,H,0.09607234363899961
24,Toorak,78.75,3391000,0.014184606310822766,0.04872514135137562,H,0.0629097476621984
25,Balwyn,393.75,1782500,0.014586255259467041,0.06458701729941563,H,0.07917327255888267
26,Blackburn,483.75,936000,0.021944444444444444,0.06378416486038141,H,0.08572860930482586
27,Box Hill,592.5,1067000,0.020322399250234303,0.06955439130174046,H,0.08987679055197476
28,Bulleen,260.625,861000,0.025365853658536587,0.055653206321450766,H,0.08101905997998735
29,Templestowe,260.625,951500,0.02295323173935891,0.0578370703131712,H,0.08079030205253011
30,Doncaster,260.625,999000,0.021861861861861863,0.06150284676067619,H,0.08336470862253806
31,Burwood,234.375,921000,0.024277958740499456,0.056093124539366546,H,0.080371083279866
32,Ashburton,234.375,1200000,0.01863333333333333,0.07649495340526191,H,0.09512828673859525
33,Camberwell,229.6875,1655000,0.018851963746223565,0.06160689621814597,H,0.08045885996436954
34,Glen Iris,229.6875,1500000,0.0208,0.06514463180429808,H,0.08594463180429808
35,Canterbury,63.12499999999999,2100000,0.014361904761904761,0.053624992324317056,H,0.06798689708622181
36,Surrey Hills,63.12499999999999,1450000,0.0208,0.06425973072655577,H,0.08505973072655577
37,Mont Albert,63.12499999999999,1490000,0.020241610738255034,0.045805022713321764,H,0.0660466334515768
38,Chadstone,216.5625,823500,0.02525804493017608,0.05782180377349477,H,0.08307984870367086
39,Oakleigh,216.5625,801500,0.02595134123518403,0.05927730345200777,H,0.0852286446871918
40,Clayton,416.25,750000,0.026346666666666668,0.06989264506332438,H,0.09623931172999105
41,Doncaster East,240.9375,894500,0.023892677473448854,0.06566484998618471,H,0.08955752745963357
42,Donvale,240.9375,840000,0.025442857142857142,0.06432218321133476,H,0.0897650403541919
43,Glen Waverley,643.125,960000,0.021666666666666667,0.06764280723567695,H,0.08930947390234362
44,Mulgrave,643.125,627000,0.03317384370015949,0.05788810618585849,H,0.09106194988601798
45,Hawthorn,151.875,1606500,0.021039526921879863,0.05900698194289977,H,0.08004650886477964
46,Kew,277.5,1950000,0.015866666666666668,0.049574267664279414,H,0.06544093433094608
47,Mount Waverley,519.375,950000,0.022989473684210525,0.062425395043641974,H,0.0854148687278525
48,Nunawading,219.375,721500,0.02810810810810811,0.06397217518872389,H,0.092080283296832
49,Mitcham,219.375,730000,0.02778082191780822,0.0643291392994465,H,0.09210996121725472
50,Vermont,251.87500000000003,725000,0.02797241379310345,0.06065373278400976,H,0.08862614657711321
51,Forest Hill,251.87500000000003,720500,0.028147120055517002,0.059906248416558894,H,0.0880533684720759
52,Burwood East,251.87500000000003,782000,0.025933503836317137,0.05991864432846561,H,0.08585214816478275
53,Aspendale,205.625,690000,0.03089855072463768,0.06145167348415126,H,0.09235022420878894
54,Chelsea,205.625,580000,0.03675862068965517,0.059079836697975896,H,0.09583845738763107
55,Carrum,205.625,536000,0.039776119402985075,0.05876639105042214,H,0.09854251045340721
56,Bentleigh,883.125,1050000,0.023276190476190475,0.0637777116827083,H,0.08705390215889877
57,Brighton,232.5,1940000,0.020103092783505156,0.0434038687156455,H,0.06350696149915065
58,Brighton East,208.125,1300000,0.0252,0.04728756041486615,H,0.07248756041486615
59,Carnegie,120.0,1007500,0.027870967741935485,0.052209148113804504,H,0.08008011585573999
60,Caulfield,348.75,1322000,0.023600605143721635,0.05782851991052018,H,0.08142912505424182
61,Cheltenham,841.875,775000,0.030193548387096775,0.05688280878500107,H,0.08707635717209784
62,Elsternwick,84.375,1315000,0.024319391634980987,0.05915661221594415,H,0.08347600385092513
63,Hampton,212.8125,1340000,0.025223880597014924,0.05585699489122575,H,0.08108087548824068
64,Beaumaris,212.8125,1129500,0.02992474546259407,0.05590891300142564,H,0.08583365846401972
65,Malvern,106.875,1946000,0.01817060637204522,0.05090835873580124,H,0.06907896510784646
66,Malvern East,292.5,1380000,0.019971014492753625,0.06398040998066779,H,0.08395142447342141
67,Mentone,118.125,810000,0.03209876543209877,0.05558423626726072,H,0.0876830016993595
68,Parkdale,118.125,860000,0.030232558139534883,0.06333521457721258,H,0.09356777271674746
69,Mordialloc,118.125,755000,0.03443708609271523,0.05795051158627085,H,0.09238759767898608
70,Murrumbeena,75.9375,982500,0.02381679389312977,0.050923795203415834,H,0.0747405890965456
71,Hughesdale,75.9375,856000,0.027336448598130843,0.051695902424100604,H,0.07903235102223144
72,Altona,2713.125,646500,0.027347254447022427,0.0586719754580014,H,0.08601922990502384
73,Footscray,260.625,645000,0.03144186046511628,0.04838153718017435,H,0.07982339764529063
74,Keilor East,360.0,599000,0.03212020033388981,0.06282818346753172,H,0.09494838380142154
75,Avondale Heights,360.0,560000,0.03435714285714286,0.05821208929552757,H,0.09256923215267043
76,Melton,1974.375,240000,0.0585,0.05876639105042214,H,0.11726639105042214
77,Newport,214.6875,740000,0.031621621621621625,0.06538466976854496,H,0.09700629139016659
78,Spotswood,214.6875,640000,0.0365625,0.0659242125922681,H,0.1024867125922681
79,St Albans,834.375,373500,0.04176706827309237,0.06647095428167127,H,0.10823802255476364
80,Deer Park,834.375,365000,0.042739726027397264,0.06038634446316582,H,0.10312607049056308
81,Sunshine,1100.625,483500,0.03334022750775595,0.06322893949828501,H,0.09656916700604096
82,Sydenham,1740.0,415000,0.04260240963855422,0.04944273727853443,H,0.09204514691708865
83,Werribee,2483.4375,315000,0.04787301587301587,0.06826489175630868,H,0.11613790762932455
84,Hoppers Crossing,2483.4375,340000,0.04435294117647059,0.06445144438202632,H,0.10880438555849692
85,West Footscray,622.5,637500,0.02854901960784314,0.051192531326874846,H,0.07974155093471799
86,Williamstown,258.75,970000,0.029484536082474228,0.05371794967223553,H,0.08320248575470976
87,Yarraville,296.25,710000,0.03295774647887324,0.060235145547688385,H,0.09319289202656163
88,Seddon,296.25,730000,0.03205479452054794,0.06425671826289459,H,0.09631151278344252
89,Broadmeadows,657.1875,345000,0.04823188405797101,0.05095368323996019,H,0.09918556729793121
90,Roxburgh Park,657.1875,385000,0.04322077922077922,0.04734914926430567,H,0.09056992848508488
91,Brunswick,399.375,815000,0.0363680981595092,0.053781910216209594,H,0.0901500083757188
92,Coburg,346.875,710000,0.03295774647887324,0.05686379514274531,H,0.08982154162161855
93,Pascoe Vale South,346.875,701000,0.0333808844507846,0.05598366619298689,H,0.0893645506437715
94,Craigieburn,1588.125,362000,0.04740331491712707,0.04947672579708828,H,0.09688004071421535
95,Essendon,665.625,942000,0.02208067940552017,0.062390415470968685,H,0.08447109487648885
96,Gladstone Park,222.1875,400000,0.0429,0.06042391764860566,H,0.10332391764860566
97,Tullamarine,222.1875,412000,0.0416504854368932,0.04880991069483964,H,0.09046039613173285
98,Keilor,31.875,633000,0.030230647709320695,0.050726237103280614,H,0.08095688481260131
99,Moonee Ponds,231.5625,920000,0.02741304347826087,0.0671841097645598,H,0.09459715324282067
100,Ascot Vale,231.5625,810000,0.031135802469135804,0.05696379645543881,H,0.08809959892457461
101,Oak Park,310.625,626000,0.029073482428115017,0.052201195238462006,H,0.08127467766657702
102,Glenroy,310.625,500000,0.0364,0.05240977914892553,H,0.08880977914892553
103,Fawkner,310.625,444000,0.04099099099099099,0.056175506315376156,H,0.09716649730636714
104,Pascoe Vale,198.75,655000,0.029374045801526718,0.05387149694134319,H,0.08324554274286991
105,Coburg North,198.75,600000,0.03206666666666667,0.05969576155461764,H,0.0917624282212843
106,Sunbury,742.5,360000,0.04622222222222222,0.06061980698374558,H,0.1068420292059678
107,Bundoora,639.375,553500,0.03288166214995483,0.058122010328039986,H,0.09100367247799482
108,Greensborough,639.375,574000,0.03170731707317073,0.061274676611179135,H,0.09298199368434987
109,Hurstbridge,639.375,482000,0.03775933609958506,0.05702972088417524,H,0.0947890569837603
110,Eltham,130.0,670000,0.03050149253731343,0.05888092039146309,H,0.08938241292877652
111,Research,130.0,685000,0.029833576642335765,0.05655308447211915,H,0.08638666111445492
112,Montmorency,130.0,614000,0.033283387622149836,0.06088801291785928,H,0.09417140054000911
113,Fairfield,98.4375,945000,0.029164021164021163,0.06651763528952803,H,0.0956816564535492
114,Alphington,98.4375,1029000,0.026783284742468418,0.06498470525094646,H,0.09176798999341487
115,Heidelberg,305.625,840500,0.023200475907198096,0.04389450848501286,H,0.06709498439221095
116,Heidelberg West,305.625,461000,0.04229934924078091,0.059241540651006064,H,0.10154088989178697
117,Ivanhoe,103.125,1203000,0.02204488778054863,0.0674182781394781,H,0.08946316592002672
118,Ivanhoe East,103.125,1513000,0.01752808988764045,0.06301139518704968,H,0.08053948507469014
119,Mill Park,778.125,430500,0.041068524970964,0.0597652293050599,H,0.1008337542760239
120,Epping,778.125,386500,0.04574385510996119,0.04835134555488785,H,0.09409520066484904
121,Northcote,405.0,935000,0.03225668449197861,0.06868994548624485,H,0.10094662997822346
122,Preston,581.25,690000,0.030144927536231884,0.06100590801523653,H,0.09115083555146841
123,Reservoir,851.25,541000,0.032680221811460256,0.05720517610222409,H,0.08988539791368434
124,Thomastown,430.3125,420000,0.039619047619047616,0.052617404836096116,H,0.09223645245514372
125,Lalor,430.3125,385000,0.04322077922077922,0.05832123316496918,H,0.10154201238574839
126,Thornbury,300.0,840000,0.030952380952380953,0.06537838427000131,H,0.09633076522238226
127,Whittlesea,708.75,375000,0.04576,0.057557050338252314,H,0.10331705033825231
128,Bayswater,414.375,525000,0.034666666666666665,0.06752071260608083,H,0.1021873792727475
129,Boronia,444.375,500500,0.03636363636363636,0.06006137099404474,H,0.0964250073576811
130,Croydon,887.8125,525000,0.03565714285714286,0.06330154211226269,H,0.09895868496940555
131,Lilydale,887.8125,480000,0.039,0.05716902677373592,H,0.09616902677373593
132,Ferntree Gully,515.625,505000,0.03706930693069307,0.06177439937867524,H,0.09884370630936831
133,Ringwood,706.875,660000,0.029545454545454545,0.05970971939812286,H,0.0892551739435774
134,Rowville,421.875,617500,0.032,0.05786365664915394,H,0.08986365664915394
135,Wantirna,430.3125,667500,0.028823970037453184,0.06573371585498178,H,0.09455768589243496
136,Scoresby,430.3125,570000,0.03375438596491228,0.06834130025242136,H,0.10209568621733364
137,Berwick,1481.25,487500,0.03626666666666667,0.0583453931610074,H,0.09461205982767407
138,Cranbourne,2760.0,331500,0.05019607843137255,0.05969576155461764,H,0.1098918399859902
139,Dandenong,804.375,439000,0.040391799544419134,0.05694414974039175,H,0.09733594928481087
140,Dandenong North,615.9375,415500,0.040048134777376655,0.05932115593831622,H,0.09936929071569287
141,Endeavour Hills,615.9375,432000,0.03851851851851852,0.0570466864279664,H,0.09556520494648492
142,Narre Warren,1144.6875,386000,0.044455958549222796,0.06259337395256015,H,0.10704933250178295
143,Hampton Park,1144.6875,337500,0.05084444444444444,0.05460097890227722,H,0.10544542334672166
144,Noble Park,630.0,440000,0.039,0.06037202149132925,H,0.09937202149132926
145,Pakenham,1925.625,350000,0.04605714285714286,0.047476262472210484,H,0.09353340532935334
146,Springvale,1053.75,530000,0.033358490566037735,0.06177590363974028,H,0.09513439420577802
147,Dromana,814.6875,492000,0.03329268292682927,0.06393449744304536,H,0.09722718036987463
148,Portsea,814.6875,1305000,0.012551724137931035,0.058922539797716,H,0.07147426393564704
149,Frankston,1670.625,372000,0.044731182795698925,0.06303892444696135,H,0.10777010724266028
150,Hastings,304.6875,368000,0.04521739130434783,0.05366590265087878,H,0.0988832939552266
151,Flinders,304.6875,808000,0.020594059405940595,0.09811422417237559,H,0.11870828357831618
152,Mornington,262.5,558000,0.03634408602150538,0.06467090703419576,H,0.10101499305570114
153,Seaford,792.1875,450000,0.036977777777777776,0.0631665269497994,H,0.10014430472757718
154,Carrum Downs,792.1875,346000,0.048092485549132945,0.06075776710442815,H,0.1088502526535611
155,Belmont,630.9375,362000,0.048839779005524865,0.06586058240358761,H,0.11470036140911247
156,Grovedale,630.9375,362000,0.048839779005524865,0.056308690061339206,H,0.10514846906686406
157,Corio,952.5,242000,0.05371900826446281,0.060630399842388494,H,0.1143494081068513
158,Geelong,418.125,512000,0.03046875,0.06322893949828501,H,0.09369768949828501
159,Herne Hill,243.75,357000,0.049523809523809526,0.06669024286483638,H,0.1162140523886459
160,Geelong West,243.75,469000,0.03769722814498934,0.06864853909990165,H,0.10634576724489099
161,Lara,309.375,340000,0.049705882352941176,0.0586312667401252,H,0.10833714909306638
162,North Geelong,705.0,301000,0.051827242524916946,0.07306815110981457,H,0.12489539363473151
163,Mount Clear,83.4375,288000,0.05416666666666667,0.05325400417756465,H,0.10742067084423132
164,Buninyong,83.4375,385000,0.04051948051948052,0.058115276509070446,H,0.09863475702855096
165,Sebastopol,306.5625,235500,0.05740976645435244,0.0403931144714369,H,0.09780288092578934
166,Delacombe,306.5625,292000,0.0463013698630137,0.04137974399241062,H,0.08768111385542432
167,Wendouree,515.625,247000,0.05894736842105263,0.050338040057319455,H,0.10928540847837209
168,Alfredton,515.625,362000,0.04022099447513812,0.04812238946895775,H,0.08834338394409587
169,Bendigo,408.75,376500,0.039362549800796814,0.05978591390689347,H,0.09914846370769029
170,Flora Hill,348.75,323500,0.0482225656877898,0.0509980750412109,H,0.09922064072900069
171,Golden Square,319.6875,305000,0.04944262295081967,0.043079488594836235,H,0.0925221115456559
172,Kangaroo Flat,319.6875,300000,0.05026666666666667,0.03851386621770314,H,0.08878053288436981
173,North Bendigo,753.75,280000,0.052,0.046650328434240995,H,0.09865032843424099
174,Bairnsdale,371.25,244000,0.05881967213114754,0.023126673032388467,H,0.08194634516353601
175,Benalla,305.625,235500,0.055201698513800426,0.03280390262395594,H,0.08800560113775636
176,Castlemaine,185.625,369500,0.04503382949932341,0.07385666338184627,H,0.11889049288116968
177,Echuca,371.25,285000,0.052,0.037925434112240586,H,0.08992543411224058
178,Hamilton,277.5,200000,0.065,0.012030108207657264,H,0.07703010820765727
179,Horsham,588.75,215000,0.06288372093023256,0.0430395036473763,H,0.10592322457760886
180,Mildura,1089.375,245000,0.05624489795918367,0.04222331254582623,H,0.0984682105050099
181,Moe,195.0,170000,0.06729411764705882,0.045173891819142664,H,0.11246800946620149
182,Newborough,195.0,215000,0.053209302325581395,0.039966587255440666,H,0.09317588958102206
183,Morwell,523.125,150000,0.06933333333333333,0.025449899701238676,H,0.094783233034572
184,Ocean Grove,176.25,515000,0.035339805825242716,0.06084615713163344,H,0.09618596295687615
185,Barwon Heads,176.25,715000,0.025454545454545455,0.07150787611439813,H,0.09696242156894358
186,Portland,262.5,210000,0.05819047619047619,0.032116967024860665,H,0.09030744321533685
187,Sale,358.125,300000,0.045066666666666665,0.026583631304232025,H,0.0716502979708987
188,Maffra,358.125,215000,0.06288372093023256,0.024592136571565337,H,0.0874758575017979
189,Seymour,157.5,213000,0.059812206572769956,0.050099237601330726,H,0.10991144417410068
190,Shepparton,1267.5,243000,0.057777777777777775,0.021259925442493444,H,0.07903770322027122
191,Swan Hill,283.125,230000,0.05652173913043478,0.01926097122934567,H,0.07578271035978046
192,Torquay,403.125,580000,0.03586206896551724,0.05611697784384173,H,0.09197904680935898
193,Traralgon,780.0,275000,0.05237818181818182,0.035179236763065,H,0.08755741858124683
194,Warragul,367.5,320000,0.043875,0.06415793524592117,H,0.10803293524592117
195,Warrnambool,785.625,323000,0.04829721362229102,0.022911287200176877,H,0.07120850082246791
196,Wodonga,1020.0,296500,0.05086003372681282,0.03251417399082501,H,0.08337420771763783
